"state_fips","state_short","state","area","area_type","fips","period","year","labor_force","employment","unemployment"
"54","WV","West Virginia","Randolph County","county",54083,"April",2019,12370,11600,770
"54","WV","West Virginia","Randolph County","county",54083,"April",2020,12030,9860,2160
"54","WV","West Virginia","Ritchie County","county",54085,"April",2019,4350,4130,220
"54","WV","West Virginia","Ritchie County","county",54085,"April",2020,4180,3620,560
"54","WV","West Virginia","Roane County","county",54087,"April",2019,5140,4630,510
"54","WV","West Virginia","Roane County","county",54087,"April",2020,4860,3920,930
"54","WV","West Virginia","Summers County","county",54089,"April",2019,4290,4070,220
"54","WV","West Virginia","Summers County","county",54089,"April",2020,4030,3440,590
"54","WV","West Virginia","Taylor County","county",54091,"April",2019,7920,7580,340
"54","WV","West Virginia","Taylor County","county",54091,"April",2020,7330,6280,1050
"54","WV","West Virginia","Tucker County","county",54093,"April",2019,3230,3060,170
"54","WV","West Virginia","Tucker County","county",54093,"April",2020,3240,2690,560
"54","WV","West Virginia","Tyler County","county",54095,"April",2019,3130,2900,230
"54","WV","West Virginia","Tyler County","county",54095,"April",2020,2910,2490,430
"54","WV","West Virginia","Upshur County","county",54097,"April",2019,9680,9180,500
"54","WV","West Virginia","Upshur County","county",54097,"April",2020,9140,7660,1490
"54","WV","West Virginia","Wayne County","county",54099,"April",2019,15690,14890,800
"54","WV","West Virginia","Wayne County","county",54099,"April",2020,15550,13170,2380
"54","WV","West Virginia","Webster County","county",54101,"April",2019,3240,3070,170
"54","WV","West Virginia","Webster County","county",54101,"April",2020,3070,2630,450
"54","WV","West Virginia","Wetzel County","county",54103,"April",2019,6620,6150,470
"54","WV","West Virginia","Wetzel County","county",54103,"April",2020,6190,5260,930
"54","WV","West Virginia","Wirt County","county",54105,"April",2019,2270,2110,160
"54","WV","West Virginia","Wirt County","county",54105,"April",2020,2250,1890,360
"54","WV","West Virginia","Wood County","county",54107,"April",2019,36660,34990,1660
"54","WV","West Virginia","Wood County","county",54107,"April",2020,37350,31120,6230
"54","WV","West Virginia","Wyoming County","county",54109,"April",2019,6680,6230,440
"54","WV","West Virginia","Wyoming County","county",54109,"April",2020,6240,5130,1110
"54","WV","West Virginia","Braxton County","county",54007,"May",2019,5220,4890,330
"54","WV","West Virginia","Braxton County","county",54007,"May",2020,4810,4200,620
"54","WV","West Virginia","Brooke County","county",54009,"May",2019,9980,9500,480
"54","WV","West Virginia","Brooke County","county",54009,"May",2020,9780,8490,1290
"54","WV","West Virginia","Cabell County","county",54011,"May",2019,41470,39830,1640
"54","WV","West Virginia","Cabell County","county",54011,"May",2020,42690,37110,5580
"54","WV","West Virginia","Calhoun County","county",54013,"May",2019,2490,2250,240
"54","WV","West Virginia","Calhoun County","county",54013,"May",2020,2230,1810,420
"54","WV","West Virginia","Clay County","county",54015,"May",2019,3100,2880,220
"54","WV","West Virginia","Clay County","county",54015,"May",2020,3060,2570,490
"54","WV","West Virginia","Doddridge County","county",54017,"May",2019,4050,3880,170
"54","WV","West Virginia","Doddridge County","county",54017,"May",2020,3820,3500,320
"54","WV","West Virginia","Putnam County","county",54079,"May",2019,26690,25600,1080
"54","WV","West Virginia","Putnam County","county",54079,"May",2020,27050,23880,3180
"54","WV","West Virginia","Raleigh County","county",54081,"May",2019,30610,29290,1320
"54","WV","West Virginia","Raleigh County","county",54081,"May",2020,30940,26920,4020
"54","WV","West Virginia","Randolph County","county",54083,"May",2019,12410,11720,680
"54","WV","West Virginia","Randolph County","county",54083,"May",2020,11900,10280,1620
"54","WV","West Virginia","Ritchie County","county",54085,"May",2019,4370,4180,190
"54","WV","West Virginia","Ritchie County","county",54085,"May",2020,4230,3770,460
"54","WV","West Virginia","Roane County","county",54087,"May",2019,5060,4660,410
"54","WV","West Virginia","Roane County","county",54087,"May",2020,4890,4110,790
"54","WV","West Virginia","Summers County","county",54089,"May",2019,4340,4130,210
"54","WV","West Virginia","Summers County","county",54089,"May",2020,4070,3620,450
"54","WV","West Virginia","Taylor County","county",54091,"May",2019,7890,7550,340
"54","WV","West Virginia","Taylor County","county",54091,"May",2020,7470,6660,810
"54","WV","West Virginia","Tucker County","county",54093,"May",2019,3280,3120,150
"54","WV","West Virginia","Tucker County","county",54093,"May",2020,3200,2770,430
"54","WV","West Virginia","Tyler County","county",54095,"May",2019,3120,2900,220
"54","WV","West Virginia","Tyler County","county",54095,"May",2020,2960,2570,390
"54","WV","West Virginia","Upshur County","county",54097,"May",2019,9590,9060,530
"54","WV","West Virginia","Upshur County","county",54097,"May",2020,8980,7750,1230
"54","WV","West Virginia","Wayne County","county",54099,"May",2019,15730,14960,770
"54","WV","West Virginia","Wayne County","county",54099,"May",2020,15860,13950,1910
"54","WV","West Virginia","Webster County","county",54101,"May",2019,3360,3190,170
"54","WV","West Virginia","Webster County","county",54101,"May",2020,3150,2770,380
"54","WV","West Virginia","Wetzel County","county",54103,"May",2019,6590,6190,400
"54","WV","West Virginia","Wetzel County","county",54103,"May",2020,6300,5440,860
"54","WV","West Virginia","Wirt County","county",54105,"May",2019,2280,2130,150
"54","WV","West Virginia","Wirt County","county",54105,"May",2020,2280,2000,280
"54","WV","West Virginia","Wood County","county",54107,"May",2019,36720,35010,1710
"54","WV","West Virginia","Wood County","county",54107,"May",2020,37720,32760,4970
"54","WV","West Virginia","Wyoming County","county",54109,"May",2019,6670,6240,430
"54","WV","West Virginia","Wyoming County","county",54109,"May",2020,6210,5370,830
"54","WV","West Virginia","Braxton County","county",54007,"June",2019,5350,5020,330
"54","WV","West Virginia","Braxton County","county",54007,"June",2020,4750,4200,560
"54","WV","West Virginia","Brooke County","county",54009,"June",2019,10160,9610,550
"54","WV","West Virginia","Brooke County","county",54009,"June",2020,9850,8830,1020
"54","WV","West Virginia","Cabell County","county",54011,"June",2019,42100,40150,1950
"54","WV","West Virginia","Cabell County","county",54011,"June",2020,42660,38400,4260
"54","WV","West Virginia","Calhoun County","county",54013,"June",2019,2470,2230,240
"54","WV","West Virginia","Calhoun County","county",54013,"June",2020,2140,1780,360
"54","WV","West Virginia","Clay County","county",54015,"June",2019,3170,2940,230
"54","WV","West Virginia","Clay County","county",54015,"June",2020,3130,2680,450
"54","WV","West Virginia","Doddridge County","county",54017,"June",2019,4100,3930,170
"54","WV","West Virginia","Doddridge County","county",54017,"June",2020,3770,3500,270
"54","WV","West Virginia","Putnam County","county",54079,"June",2019,26970,25750,1230
"54","WV","West Virginia","Putnam County","county",54079,"June",2020,27090,24680,2410
"54","WV","West Virginia","Raleigh County","county",54081,"June",2019,31140,29670,1470
"54","WV","West Virginia","Raleigh County","county",54081,"June",2020,30550,27200,3350
"54","WV","West Virginia","Randolph County","county",54083,"June",2019,12470,11770,700
"54","WV","West Virginia","Randolph County","county",54083,"June",2020,11520,10170,1360
"54","WV","West Virginia","Ritchie County","county",54085,"June",2019,4430,4210,220
"54","WV","West Virginia","Ritchie County","county",54085,"June",2020,4140,3760,380
"54","WV","West Virginia","Roane County","county",54087,"June",2019,5070,4660,410
"54","WV","West Virginia","Roane County","county",54087,"June",2020,4880,4150,730
"54","WV","West Virginia","Summers County","county",54089,"June",2019,4520,4290,230
"54","WV","West Virginia","Summers County","county",54089,"June",2020,4080,3690,400
"54","WV","West Virginia","Taylor County","county",54091,"June",2019,8010,7630,380
"54","WV","West Virginia","Taylor County","county",54091,"June",2020,7300,6610,690
"54","WV","West Virginia","Tucker County","county",54093,"June",2019,3460,3300,160
"54","WV","West Virginia","Tucker County","county",54093,"June",2020,3130,2800,330
"54","WV","West Virginia","Tyler County","county",54095,"June",2019,3190,2950,240
"54","WV","West Virginia","Tyler County","county",54095,"June",2020,2910,2560,360
"54","WV","West Virginia","Upshur County","county",54097,"June",2019,9590,9000,590
"54","WV","West Virginia","Upshur County","county",54097,"June",2020,8790,7640,1150
"54","WV","West Virginia","Wayne County","county",54099,"June",2019,15940,15060,880
"54","WV","West Virginia","Wayne County","county",54099,"June",2020,15990,14430,1560
"54","WV","West Virginia","Webster County","county",54101,"June",2019,3350,3160,190
"54","WV","West Virginia","Webster County","county",54101,"June",2020,3070,2730,340
"54","WV","West Virginia","Wetzel County","county",54103,"June",2019,6670,6230,430
"54","WV","West Virginia","Wetzel County","county",54103,"June",2020,6160,5450,710
"54","WV","West Virginia","Wirt County","county",54105,"June",2019,2300,2140,160
"54","WV","West Virginia","Wirt County","county",54105,"June",2020,2260,2040,220
"54","WV","West Virginia","Wood County","county",54107,"June",2019,37330,35440,1890
"54","WV","West Virginia","Wood County","county",54107,"June",2020,37380,33580,3800
"54","WV","West Virginia","Wyoming County","county",54109,"June",2019,6850,6350,490
"54","WV","West Virginia","Wyoming County","county",54109,"June",2020,6150,5360,790
"54","WV","West Virginia","Braxton County","county",54007,"July",2019,5220,4910,320
"54","WV","West Virginia","Brooke County","county",54009,"July",2019,10210,9690,530
"54","WV","West Virginia","Cabell County","county",54011,"July",2019,42060,40240,1820
"54","WV","West Virginia","Calhoun County","county",54013,"July",2019,2490,2230,270
"54","WV","West Virginia","Clay County","county",54015,"July",2019,3160,2940,220
"54","WV","West Virginia","Doddridge County","county",54017,"July",2019,4120,3960,150
"54","WV","West Virginia","Putnam County","county",54079,"July",2019,26940,25820,1120
"54","WV","West Virginia","Raleigh County","county",54081,"July",2019,31070,29670,1400
"54","WV","West Virginia","Randolph County","county",54083,"July",2019,12540,11860,670
"54","WV","West Virginia","Ritchie County","county",54085,"July",2019,4440,4240,210
"54","WV","West Virginia","Roane County","county",54087,"July",2019,5100,4700,400
"54","WV","West Virginia","Summers County","county",54089,"July",2019,4430,4210,210
"54","WV","West Virginia","Taylor County","county",54091,"July",2019,8010,7640,370
"54","WV","West Virginia","Tucker County","county",54093,"July",2019,3450,3290,170
"54","WV","West Virginia","Tyler County","county",54095,"July",2019,3090,2860,240
"54","WV","West Virginia","Upshur County","county",54097,"July",2019,9600,9050,560
"54","WV","West Virginia","Wayne County","county",54099,"July",2019,15930,15100,830
"54","WV","West Virginia","Webster County","county",54101,"July",2019,3280,3100,180
"54","WV","West Virginia","Wetzel County","county",54103,"July",2019,6600,6150,450
"54","WV","West Virginia","Wirt County","county",54105,"July",2019,2300,2140,160
"54","WV","West Virginia","Wood County","county",54107,"July",2019,37170,35360,1810
"54","WV","West Virginia","Wyoming County","county",54109,"July",2019,6750,6270,480
"54","WV","West Virginia","Braxton County","county",54007,"August",2019,5250,4930,330
"54","WV","West Virginia","Brooke County","county",54009,"August",2019,10140,9640,500
"54","WV","West Virginia","Cabell County","county",54011,"August",2019,41910,40110,1800
"54","WV","West Virginia","Calhoun County","county",54013,"August",2019,2430,2170,260
"54","WV","West Virginia","Clay County","county",54015,"August",2019,3150,2930,230
"54","WV","West Virginia","Doddridge County","county",54017,"August",2019,4070,3900,170
"54","WV","West Virginia","Putnam County","county",54079,"August",2019,26910,25790,1130
"54","WV","West Virginia","Raleigh County","county",54081,"August",2019,30860,29450,1410
"54","WV","West Virginia","Randolph County","county",54083,"August",2019,12420,11760,660
"54","WV","West Virginia","Ritchie County","county",54085,"August",2019,4400,4200,200
"54","WV","West Virginia","Roane County","county",54087,"August",2019,5090,4710,380
"54","WV","West Virginia","Summers County","county",54089,"August",2019,4450,4220,230
"54","WV","West Virginia","Taylor County","county",54091,"August",2019,7950,7560,380
"54","WV","West Virginia","Tucker County","county",54093,"August",2019,3390,3240,150
"54","WV","West Virginia","Tyler County","county",54095,"August",2019,3130,2900,230
"54","WV","West Virginia","Upshur County","county",54097,"August",2019,9620,9050,570
"54","WV","West Virginia","Wayne County","county",54099,"August",2019,15890,15060,830
"54","WV","West Virginia","Webster County","county",54101,"August",2019,3390,3200,190
"54","WV","West Virginia","Wetzel County","county",54103,"August",2019,6620,6170,440
"54","WV","West Virginia","Wirt County","county",54105,"August",2019,2310,2150,160
"54","WV","West Virginia","Wood County","county",54107,"August",2019,37000,35180,1820
"54","WV","West Virginia","Wyoming County","county",54109,"August",2019,6630,6200,440
"54","WV","West Virginia","Braxton County","county",54007,"September",2019,5290,4990,300
"54","WV","West Virginia","Brooke County","county",54009,"September",2019,10130,9640,500
"54","WV","West Virginia","Cabell County","county",54011,"September",2019,42130,40540,1590
"54","WV","West Virginia","Calhoun County","county",54013,"September",2019,2520,2290,230
"54","WV","West Virginia","Clay County","county",54015,"September",2019,3120,2920,200
"54","WV","West Virginia","Doddridge County","county",54017,"September",2019,4050,3900,150
"54","WV","West Virginia","Putnam County","county",54079,"September",2019,27100,26080,1030
"54","WV","West Virginia","Raleigh County","county",54081,"September",2019,30820,29560,1260
"54","WV","West Virginia","Randolph County","county",54083,"September",2019,12510,11890,620
"54","WV","West Virginia","Ritchie County","county",54085,"September",2019,4420,4230,200
"54","WV","West Virginia","Roane County","county",54087,"September",2019,5130,4760,370
"54","WV","West Virginia","Summers County","county",54089,"September",2019,4440,4230,200
"54","WV","West Virginia","Taylor County","county",54091,"September",2019,7970,7630,340
"54","WV","West Virginia","Tucker County","county",54093,"September",2019,3370,3220,140
"54","WV","West Virginia","Tyler County","county",54095,"September",2019,3150,2930,220
"54","WV","West Virginia","Upshur County","county",54097,"September",2019,9840,9320,520
"54","WV","West Virginia","Wayne County","county",54099,"September",2019,15980,15230,750
"54","WV","West Virginia","Webster County","county",54101,"September",2019,3390,3220,170
"54","WV","West Virginia","Wetzel County","county",54103,"September",2019,6670,6260,410
"54","WV","West Virginia","Wirt County","county",54105,"September",2019,2320,2170,150
"54","WV","West Virginia","Wood County","county",54107,"September",2019,37070,35470,1600
"54","WV","West Virginia","Wyoming County","county",54109,"September",2019,6710,6320,390
"54","WV","West Virginia","Braxton County","county",54007,"October",2019,5300,4940,360
"54","WV","West Virginia","Brooke County","county",54009,"October",2019,10160,9620,540
"54","WV","West Virginia","Cabell County","county",54011,"October",2019,42130,40510,1620
"54","WV","West Virginia","Calhoun County","county",54013,"October",2019,2570,2280,290
"54","WV","West Virginia","Clay County","county",54015,"October",2019,3160,2910,250
"54","WV","West Virginia","Doddridge County","county",54017,"October",2019,4070,3890,190
"54","WV","West Virginia","Putnam County","county",54079,"October",2019,27080,26040,1050
"54","WV","West Virginia","Raleigh County","county",54081,"October",2019,30940,29600,1340
"54","WV","West Virginia","Randolph County","county",54083,"October",2019,12480,11820,650
"54","WV","West Virginia","Ritchie County","county",54085,"October",2019,4480,4220,260
"54","WV","West Virginia","Roane County","county",54087,"October",2019,5210,4760,460
"54","WV","West Virginia","Summers County","county",54089,"October",2019,4430,4220,210
"54","WV","West Virginia","Taylor County","county",54091,"October",2019,8020,7670,360
"54","WV","West Virginia","Tucker County","county",54093,"October",2019,3410,3260,150
"54","WV","West Virginia","Tyler County","county",54095,"October",2019,3140,2920,230
"54","WV","West Virginia","Upshur County","county",54097,"October",2019,9750,9200,550
"54","WV","West Virginia","Wayne County","county",54099,"October",2019,16000,15220,790
"54","WV","West Virginia","Webster County","county",54101,"October",2019,3400,3210,190
"54","WV","West Virginia","Wetzel County","county",54103,"October",2019,6720,6260,470
"54","WV","West Virginia","Wirt County","county",54105,"October",2019,2350,2160,180
"54","WV","West Virginia","Wood County","county",54107,"October",2019,37350,35590,1760
"54","WV","West Virginia","Wyoming County","county",54109,"October",2019,6710,6300,420
"54","WV","West Virginia","Braxton County","county",54007,"November",2019,5260,4830,430
"54","WV","West Virginia","Brooke County","county",54009,"November",2019,10050,9500,550
"54","WV","West Virginia","Cabell County","county",54011,"November",2019,41920,40340,1580
"54","WV","West Virginia","Calhoun County","county",54013,"November",2019,2610,2230,390
"54","WV","West Virginia","Clay County","county",54015,"November",2019,3170,2870,300
"54","WV","West Virginia","Doddridge County","county",54017,"November",2019,4040,3850,190
"54","WV","West Virginia","Putnam County","county",54079,"November",2019,26930,25890,1040
"54","WV","West Virginia","Raleigh County","county",54081,"November",2019,30360,28980,1380
"54","WV","West Virginia","Randolph County","county",54083,"November",2019,12370,11630,740
"54","WV","West Virginia","Ritchie County","county",54085,"November",2019,4410,4130,280
"54","WV","West Virginia","Roane County","county",54087,"November",2019,5230,4710,530
"54","WV","West Virginia","Summers County","county",54089,"November",2019,4320,4090,230
"54","WV","West Virginia","Taylor County","county",54091,"November",2019,8020,7640,380
"54","WV","West Virginia","Tucker County","county",54093,"November",2019,3350,3180,170
"54","WV","West Virginia","Tyler County","county",54095,"November",2019,3110,2880,230
"54","WV","West Virginia","Upshur County","county",54097,"November",2019,9590,9010,580
"54","WV","West Virginia","Wayne County","county",54099,"November",2019,15950,15150,790
"54","WV","West Virginia","Webster County","county",54101,"November",2019,3320,3080,240
"54","WV","West Virginia","Wetzel County","county",54103,"November",2019,6740,6230,510
"54","WV","West Virginia","Wirt County","county",54105,"November",2019,2320,2130,190
"54","WV","West Virginia","Wood County","county",54107,"November",2019,37150,35340,1810
"54","WV","West Virginia","Wyoming County","county",54109,"November",2019,6700,6260,440
"54","WV","West Virginia","Braxton County","county",54007,"December",2019,5260,4780,480
"54","WV","West Virginia","Brooke County","county",54009,"December",2019,9990,9450,530
"54","WV","West Virginia","Cabell County","county",54011,"December",2019,41680,40110,1570
"54","WV","West Virginia","Calhoun County","county",54013,"December",2019,2660,2200,460
"54","WV","West Virginia","Clay County","county",54015,"December",2019,3180,2850,330
"54","WV","West Virginia","Doddridge County","county",54017,"December",2019,4010,3810,200
"54","WV","West Virginia","Putnam County","county",54079,"December",2019,26850,25760,1090
"54","WV","West Virginia","Raleigh County","county",54081,"December",2019,30290,28870,1420
"54","WV","West Virginia","Randolph County","county",54083,"December",2019,12310,11510,810
"54","WV","West Virginia","Ritchie County","county",54085,"December",2019,4410,4120,290
"54","WV","West Virginia","Roane County","county",54087,"December",2019,5200,4650,550
"54","WV","West Virginia","Summers County","county",54089,"December",2019,4280,4030,250
"54","WV","West Virginia","Taylor County","county",54091,"December",2019,7940,7560,380
"54","WV","West Virginia","Tucker County","county",54093,"December",2019,3350,3150,210
"54","WV","West Virginia","Tyler County","county",54095,"December",2019,3120,2870,250
"54","WV","West Virginia","Upshur County","county",54097,"December",2019,9450,8840,620
"54","WV","West Virginia","Wayne County","county",54099,"December",2019,15930,15070,860
"54","WV","West Virginia","Webster County","county",54101,"December",2019,3350,3060,290
"54","WV","West Virginia","Wetzel County","county",54103,"December",2019,6730,6200,540
"54","WV","West Virginia","Wirt County","county",54105,"December",2019,2330,2120,210
"54","WV","West Virginia","Wood County","county",54107,"December",2019,37040,35190,1850
"54","WV","West Virginia","Wyoming County","county",54109,"December",2019,6650,6210,450
"54","WV","West Virginia","Braxton County","county",54007,"January",2019,5170,4690,480
"54","WV","West Virginia","Braxton County","county",54007,"January",2020,5320,4800,520
"54","WV","West Virginia","Brooke County","county",54009,"January",2019,9690,9120,570
"54","WV","West Virginia","Brooke County","county",54009,"January",2020,9920,9350,570
"54","WV","West Virginia","Cabell County","county",54011,"January",2019,40780,38850,1920
"54","WV","West Virginia","Cabell County","county",54011,"January",2020,41730,40020,1710
"54","WV","West Virginia","Calhoun County","county",54013,"January",2019,2590,2170,420
"54","WV","West Virginia","Calhoun County","county",54013,"January",2020,2730,2200,530
"54","WV","West Virginia","Clay County","county",54015,"January",2019,3170,2810,360
"54","WV","West Virginia","Clay County","county",54015,"January",2020,3230,2860,370
"54","WV","West Virginia","Doddridge County","county",54017,"January",2019,3850,3660,190
"54","WV","West Virginia","Doddridge County","county",54017,"January",2020,3990,3790,200
"54","WV","West Virginia","Fayette County","county",54019,"January",2019,16030,14930,1100
"54","WV","West Virginia","Fayette County","county",54019,"January",2020,16420,15280,1150
"54","WV","West Virginia","Putnam County","county",54079,"January",2019,26410,25000,1410
"54","WV","West Virginia","Putnam County","county",54079,"January",2020,26980,25740,1240
"54","WV","West Virginia","Raleigh County","county",54081,"January",2019,29980,28310,1670
"54","WV","West Virginia","Raleigh County","county",54081,"January",2020,30600,28990,1600
"54","WV","West Virginia","Randolph County","county",54083,"January",2019,11990,11150,850
"54","WV","West Virginia","Randolph County","county",54083,"January",2020,12360,11510,850
"54","WV","West Virginia","Ritchie County","county",54085,"January",2019,4410,4110,300
"54","WV","West Virginia","Ritchie County","county",54085,"January",2020,4510,4190,320
"54","WV","West Virginia","Roane County","county",54087,"January",2019,5110,4510,600
"54","WV","West Virginia","Roane County","county",54087,"January",2020,5270,4670,600
"54","WV","West Virginia","Summers County","county",54089,"January",2019,4180,3890,290
"54","WV","West Virginia","Summers County","county",54089,"January",2020,4350,4070,290
"54","WV","West Virginia","Taylor County","county",54091,"January",2019,7740,7310,430
"54","WV","West Virginia","Taylor County","county",54091,"January",2020,7940,7520,420
"54","WV","West Virginia","Tucker County","county",54093,"January",2019,3320,3120,200
"54","WV","West Virginia","Tucker County","county",54093,"January",2020,3420,3200,220
"54","WV","West Virginia","Upshur County","county",54097,"January",2019,9480,8850,640
"54","WV","West Virginia","Upshur County","county",54097,"January",2020,9650,9020,630
"54","WV","West Virginia","Wayne County","county",54099,"January",2019,15610,14610,1010
"54","WV","West Virginia","Wayne County","county",54099,"January",2020,16010,15050,960
"54","WV","West Virginia","Webster County","county",54101,"January",2019,3260,3020,230
"54","WV","West Virginia","Webster County","county",54101,"January",2020,3360,3100,260
"54","WV","West Virginia","Wirt County","county",54105,"January",2019,2290,2070,230
"54","WV","West Virginia","Wirt County","county",54105,"January",2020,2390,2140,250
"54","WV","West Virginia","Wood County","county",54107,"January",2019,36260,33990,2280
"54","WV","West Virginia","Wood County","county",54107,"January",2020,37460,35330,2130
"54","WV","West Virginia","Wyoming County","county",54109,"January",2019,6770,6190,580
"54","WV","West Virginia","Wyoming County","county",54109,"January",2020,6780,6200,570
"54","WV","West Virginia","Braxton County","county",54007,"February",2019,5250,4740,510
"54","WV","West Virginia","Braxton County","county",54007,"February",2020,5400,4840,560
"54","WV","West Virginia","Brooke County","county",54009,"February",2019,9930,9330,600
"54","WV","West Virginia","Brooke County","county",54009,"February",2020,10010,9450,560
"54","WV","West Virginia","Cabell County","county",54011,"February",2019,41120,39170,1950
"54","WV","West Virginia","Cabell County","county",54011,"February",2020,42130,40410,1720
"54","WV","West Virginia","Calhoun County","county",54013,"February",2019,2690,2220,470
"54","WV","West Virginia","Calhoun County","county",54013,"February",2020,2760,2220,540
"54","WV","West Virginia","Clay County","county",54015,"February",2019,3200,2830,370
"54","WV","West Virginia","Clay County","county",54015,"February",2020,3290,2880,410
"54","WV","West Virginia","Doddridge County","county",54017,"February",2019,3870,3660,210
"54","WV","West Virginia","Doddridge County","county",54017,"February",2020,4050,3840,210
"54","WV","West Virginia","Fayette County","county",54019,"February",2019,16120,15020,1100
"54","WV","West Virginia","Fayette County","county",54019,"February",2020,16450,15250,1200
"54","WV","West Virginia","Putnam County","county",54079,"February",2019,26650,25210,1450
"54","WV","West Virginia","Putnam County","county",54079,"February",2020,27260,25990,1260
"54","WV","West Virginia","Raleigh County","county",54081,"February",2019,30170,28480,1690
"54","WV","West Virginia","Raleigh County","county",54081,"February",2020,30530,28910,1630
"54","WV","West Virginia","Randolph County","county",54083,"February",2019,12240,11340,900
"54","WV","West Virginia","Randolph County","county",54083,"February",2020,12480,11620,850
"54","WV","West Virginia","Ritchie County","county",54085,"February",2019,4420,4050,370
"54","WV","West Virginia","Ritchie County","county",54085,"February",2020,4490,4160,340
"54","WV","West Virginia","Roane County","county",54087,"February",2019,5220,4530,680
"54","WV","West Virginia","Roane County","county",54087,"February",2020,5370,4740,630
"54","WV","West Virginia","Summers County","county",54089,"February",2019,4210,3900,310
"54","WV","West Virginia","Summers County","county",54089,"February",2020,4380,4090,290
"54","WV","West Virginia","Taylor County","county",54091,"February",2019,7820,7330,490
"54","WV","West Virginia","Taylor County","county",54091,"February",2020,8040,7600,440
"54","WV","West Virginia","Tucker County","county",54093,"February",2019,3400,3170,230
"54","WV","West Virginia","Tucker County","county",54093,"February",2020,3430,3210,220
"54","WV","West Virginia","Upshur County","county",54097,"February",2019,9540,8890,650
"54","WV","West Virginia","Upshur County","county",54097,"February",2020,9800,9110,680
"54","WV","West Virginia","Wayne County","county",54099,"February",2019,15760,14730,1030
"54","WV","West Virginia","Wayne County","county",54099,"February",2020,16180,15190,990
"54","WV","West Virginia","Webster County","county",54101,"February",2019,3300,3000,290
"54","WV","West Virginia","Webster County","county",54101,"February",2020,3470,3150,320
"54","WV","West Virginia","Wirt County","county",54105,"February",2019,2320,2070,240
"54","WV","West Virginia","Wirt County","county",54105,"February",2020,2410,2150,260
"54","WV","West Virginia","Wood County","county",54107,"February",2019,36400,34080,2320
"54","WV","West Virginia","Wood County","county",54107,"February",2020,37570,35390,2180
"54","WV","West Virginia","Wyoming County","county",54109,"February",2019,6690,6140,550
"54","WV","West Virginia","Wyoming County","county",54109,"February",2020,6810,6240,570
"54","WV","West Virginia","Braxton County","county",54007,"March",2019,5190,4760,420
"54","WV","West Virginia","Braxton County","county",54007,"March",2020,5500,4850,650
"54","WV","West Virginia","Brooke County","county",54009,"March",2019,9810,9290,520
"54","WV","West Virginia","Brooke County","county",54009,"March",2020,10080,9400,690
"54","WV","West Virginia","Cabell County","county",54011,"March",2019,40940,39160,1780
"54","WV","West Virginia","Cabell County","county",54011,"March",2020,42330,40380,1950
"54","WV","West Virginia","Calhoun County","county",54013,"March",2019,2600,2220,380
"54","WV","West Virginia","Calhoun County","county",54013,"March",2020,2760,2210,550
"54","WV","West Virginia","Clay County","county",54015,"March",2019,3120,2830,290
"54","WV","West Virginia","Clay County","county",54015,"March",2020,3320,2890,430
"54","WV","West Virginia","Doddridge County","county",54017,"March",2019,3910,3730,180
"54","WV","West Virginia","Doddridge County","county",54017,"March",2020,4080,3850,230
"54","WV","West Virginia","Putnam County","county",54079,"March",2019,26440,25190,1250
"54","WV","West Virginia","Putnam County","county",54079,"March",2020,27350,25960,1400
"54","WV","West Virginia","Raleigh County","county",54081,"March",2019,29900,28380,1520
"54","WV","West Virginia","Raleigh County","county",54081,"March",2020,30730,28860,1870
"54","WV","West Virginia","Randolph County","county",54083,"March",2019,12120,11350,770
"54","WV","West Virginia","Randolph County","county",54083,"March",2020,12550,11640,910
"54","WV","West Virginia","Ritchie County","county",54085,"March",2019,4340,4060,280
"54","WV","West Virginia","Ritchie County","county",54085,"March",2020,4550,4180,370
"54","WV","West Virginia","Roane County","county",54087,"March",2019,5180,4570,610
"54","WV","West Virginia","Roane County","county",54087,"March",2020,5400,4750,660
"54","WV","West Virginia","Summers County","county",54089,"March",2019,4220,3950,280
"54","WV","West Virginia","Summers County","county",54089,"March",2020,4410,4090,330
"54","WV","West Virginia","Taylor County","county",54091,"March",2019,7760,7360,400
"54","WV","West Virginia","Taylor County","county",54091,"March",2020,8100,7610,500
"54","WV","West Virginia","Tucker County","county",54093,"March",2019,3330,3130,190
"54","WV","West Virginia","Tucker County","county",54093,"March",2020,3430,3190,240
"54","WV","West Virginia","Upshur County","county",54097,"March",2019,9610,9040,570
"54","WV","West Virginia","Upshur County","county",54097,"March",2020,9820,9080,740
"54","WV","West Virginia","Wayne County","county",54099,"March",2019,15640,14720,930
"54","WV","West Virginia","Wayne County","county",54099,"March",2020,16280,15170,1100
"54","WV","West Virginia","Webster County","county",54101,"March",2019,3280,3080,210
"54","WV","West Virginia","Webster County","county",54101,"March",2020,3490,3160,340
"54","WV","West Virginia","Wirt County","county",54105,"March",2019,2250,2080,180
"54","WV","West Virginia","Wirt County","county",54105,"March",2020,2410,2140,270
"54","WV","West Virginia","Wood County","county",54107,"March",2019,36020,34030,1990
"54","WV","West Virginia","Wood County","county",54107,"March",2020,37740,35310,2430
"54","WV","West Virginia","Wyoming County","county",54109,"March",2019,6660,6170,490
"54","WV","West Virginia","Wyoming County","county",54109,"March",2020,6840,6230,610
"54","WV","West Virginia","Braxton County","county",54007,"April",2019,5180,4810,370
"54","WV","West Virginia","Braxton County","county",54007,"April",2020,4880,4070,810
"54","WV","West Virginia","Brooke County","county",54009,"April",2019,9920,9480,440
"54","WV","West Virginia","Brooke County","county",54009,"April",2020,9540,7980,1560
"54","WV","West Virginia","Cabell County","county",54011,"April",2019,41200,39650,1560
"54","WV","West Virginia","Cabell County","county",54011,"April",2020,41850,35050,6800
"54","WV","West Virginia","Calhoun County","county",54013,"April",2019,2560,2240,330
"54","WV","West Virginia","Calhoun County","county",54013,"April",2020,2260,1740,520
"54","WV","West Virginia","Clay County","county",54015,"April",2019,3080,2850,230
"54","WV","West Virginia","Clay County","county",54015,"April",2020,3040,2460,580
"54","WV","West Virginia","Doddridge County","county",54017,"April",2019,4000,3840,160
"54","WV","West Virginia","Doddridge County","county",54017,"April",2020,3740,3370,370
"54","WV","West Virginia","Putnam County","county",54079,"April",2019,26560,25460,1110
"54","WV","West Virginia","Putnam County","county",54079,"April",2020,26980,22540,4440
"54","WV","West Virginia","Raleigh County","county",54081,"April",2019,30170,28860,1310
"54","WV","West Virginia","Raleigh County","county",54081,"April",2020,30860,25290,5580
"54","WV","West Virginia","Tyler County","county",54095,"January",2019,3180,2900,280
"54","WV","West Virginia","Tyler County","county",54095,"January",2020,3150,2880,280
"54","WV","West Virginia","Wetzel County","county",54103,"January",2019,6620,6080,540
"54","WV","West Virginia","Wetzel County","county",54103,"January",2020,6750,6150,600
"54","WV","West Virginia","Tyler County","county",54095,"February",2019,3230,2920,320
"54","WV","West Virginia","Tyler County","county",54095,"February",2020,3190,2900,290
"54","WV","West Virginia","Wetzel County","county",54103,"February",2019,6690,6070,620
"54","WV","West Virginia","Wetzel County","county",54103,"February",2020,6790,6180,620
"54","WV","West Virginia","Tyler County","county",54095,"March",2019,3140,2890,260
"54","WV","West Virginia","Tyler County","county",54095,"March",2020,3220,2890,330
"54","WV","West Virginia","Wetzel County","county",54103,"March",2019,6620,6100,520
"54","WV","West Virginia","Wetzel County","county",54103,"March",2020,6840,6200,640
"54","WV","West Virginia","West Virginia","state",NA,"January",2019,790400,751800,38600
"54","WV","West Virginia","West Virginia","state",NA,"January",2020,804800,764300,40500
"54","WV","West Virginia","West Virginia","state",NA,"February",2019,790800,752700,38100
"54","WV","West Virginia","West Virginia","state",NA,"February",2020,806600,766800,39700
"54","WV","West Virginia","West Virginia","state",NA,"March",2019,791200,753400,37800
"54","WV","West Virginia","West Virginia","state",NA,"March",2020,823300,773600,49700
"54","WV","West Virginia","West Virginia","state",NA,"April",2019,791900,754400,37500
"54","WV","West Virginia","West Virginia","state",NA,"April",2020,776700,652900,123800
"54","WV","West Virginia","West Virginia","state",NA,"May",2019,793000,755600,37500
"54","WV","West Virginia","West Virginia","state",NA,"May",2020,780000,679300,100800
"54","WV","West Virginia","West Virginia","state",NA,"June",2019,794700,757000,37700
"54","WV","West Virginia","West Virginia","state",NA,"June",2020,764300,684800,79400
"54","WV","West Virginia","West Virginia","state",NA,"July",2019,797100,758700,38400
"54","WV","West Virginia","West Virginia","state",NA,"August",2019,799500,760300,39200
"54","WV","West Virginia","West Virginia","state",NA,"September",2019,801600,761600,40000
"54","WV","West Virginia","West Virginia","state",NA,"October",2019,803100,762400,40700
"54","WV","West Virginia","West Virginia","state",NA,"November",2019,803100,762300,40800
"54","WV","West Virginia","West Virginia","state",NA,"December",2019,802900,762200,40700
"54","WV","West Virginia","Marion County","county",54049,"April",2019,25790,24600,1200
"54","WV","West Virginia","Marshall County","county",54051,"April",2019,14160,13250,910
"54","WV","West Virginia","Mason County","county",54053,"April",2019,10260,9750,510
"54","WV","West Virginia","Mercer County","county",54055,"April",2019,21040,20000,1040
"54","WV","West Virginia","Mineral County","county",54057,"April",2019,12540,11980,550
"54","WV","West Virginia","Monongalia County","county",54061,"April",2019,54640,52860,1780
"54","WV","West Virginia","Morgan County","county",54065,"April",2019,8080,7780,290
"54","WV","West Virginia","Nicholas County","county",54067,"April",2019,9420,8890,540
"54","WV","West Virginia","Ohio County","county",54069,"April",2019,21140,20230,910
"54","WV","West Virginia","Pleasants County","county",54073,"April",2019,2900,2710,190
"54","WV","West Virginia","Preston County","county",54077,"April",2019,15530,14880,650
"54","WV","West Virginia","Harrison County","county",54033,"April",2019,34640,33250,1400
"54","WV","West Virginia","Kanawha County","county",54039,"April",2019,81540,78030,3520
"54","WV","West Virginia","Logan County","county",54045,"April",2019,11030,10420,610
"54","WV","West Virginia","Harrison County","county",54033,"April",2020,34160,29050,5110
"54","WV","West Virginia","Mason County","county",54053,"April",2020,9910,8240,1670
"54","WV","West Virginia","Barbour County","county",54001,"April",2020,6790,5850,930
"54","WV","West Virginia","Berkeley County","county",54003,"April",2020,55240,48530,6710
"54","WV","West Virginia","Boone County","county",54005,"April",2020,7430,6020,1420
"54","WV","West Virginia","Fayette County","county",54019,"April",2020,16400,13340,3060
"54","WV","West Virginia","Gilmer County","county",54021,"April",2020,2350,2020,340
"54","WV","West Virginia","Greenbrier County","county",54025,"April",2020,15380,12510,2860
"54","WV","West Virginia","Hampshire County","county",54027,"April",2020,10270,9290,990
"54","WV","West Virginia","Hancock County","county",54029,"April",2020,13090,10440,2650
"54","WV","West Virginia","Hardy County","county",54031,"April",2020,5730,5040,690
"54","WV","West Virginia","Jackson County","county",54035,"April",2020,12420,10540,1880
"54","WV","West Virginia","Jefferson County","county",54037,"April",2020,29210,25880,3330
"54","WV","West Virginia","Kanawha County","county",54039,"April",2020,81670,67220,14440
"54","WV","West Virginia","Lewis County","county",54041,"April",2020,6300,5160,1140
"54","WV","West Virginia","Logan County","county",54045,"April",2020,11130,8630,2500
"54","WV","West Virginia","Mcdowell County","county",54047,"April",2020,4310,3700,610
"54","WV","West Virginia","Marion County","county",54049,"April",2020,24930,20670,4270
"54","WV","West Virginia","Marshall County","county",54051,"April",2020,13160,10900,2250
"54","WV","West Virginia","Mercer County","county",54055,"April",2020,20880,17420,3460
"54","WV","West Virginia","Mineral County","county",54057,"April",2020,11790,10200,1590
"54","WV","West Virginia","Monongalia County","county",54061,"April",2020,53440,46970,6470
"54","WV","West Virginia","Morgan County","county",54065,"April",2020,7760,6700,1060
"54","WV","West Virginia","Nicholas County","county",54067,"April",2020,9220,7400,1820
"54","WV","West Virginia","Ohio County","county",54069,"April",2020,19970,16650,3320
"54","WV","West Virginia","Pleasants County","county",54073,"April",2020,2860,2420,450
"54","WV","West Virginia","Preston County","county",54077,"April",2020,15410,13240,2170
"54","WV","West Virginia","Lewis County","county",54041,"April",2019,6720,6340,380
"54","WV","West Virginia","Greenbrier County","county",54025,"April",2019,15610,14960,650
"54","WV","West Virginia","Harrison County","county",54033,"May",2019,34590,33190,1400
"54","WV","West Virginia","Mason County","county",54053,"May",2019,10320,9780,530
"54","WV","West Virginia","Barbour County","county",54001,"May",2019,7120,6730,380
"54","WV","West Virginia","Berkeley County","county",54003,"May",2019,58020,56080,1940
"54","WV","West Virginia","Boone County","county",54005,"May",2019,7410,7020,380
"54","WV","West Virginia","Fayette County","county",54019,"May",2019,16300,15470,830
"54","WV","West Virginia","Gilmer County","county",54021,"May",2019,2430,2290,140
"54","WV","West Virginia","Greenbrier County","county",54025,"May",2019,16090,15440,650
"54","WV","West Virginia","Hampshire County","county",54027,"May",2019,10740,10380,360
"54","WV","West Virginia","Hancock County","county",54029,"May",2019,13010,12420,590
"54","WV","West Virginia","Hardy County","county",54031,"May",2019,5790,5540,250
"54","WV","West Virginia","Jackson County","county",54035,"May",2019,13670,13080,590
"54","WV","West Virginia","Jefferson County","county",54037,"May",2019,30810,29940,870
"54","WV","West Virginia","Kanawha County","county",54039,"May",2019,82040,78520,3520
"54","WV","West Virginia","Lewis County","county",54041,"May",2019,6810,6440,360
"54","WV","West Virginia","Logan County","county",54045,"May",2019,11130,10540,590
"54","WV","West Virginia","Mcdowell County","county",54047,"May",2019,4370,3980,390
"54","WV","West Virginia","Marion County","county",54049,"May",2019,25470,24280,1180
"54","WV","West Virginia","Marshall County","county",54051,"May",2019,14240,13430,810
"54","WV","West Virginia","Mercer County","county",54055,"May",2019,21050,19930,1120
"54","WV","West Virginia","Mineral County","county",54057,"May",2019,12660,12100,570
"54","WV","West Virginia","Monongalia County","county",54061,"May",2019,54480,52600,1880
"54","WV","West Virginia","Morgan County","county",54065,"May",2019,8170,7880,290
"54","WV","West Virginia","Nicholas County","county",54067,"May",2019,9440,8940,500
"54","WV","West Virginia","Ohio County","county",54069,"May",2019,21400,20500,900
"54","WV","West Virginia","Pleasants County","county",54073,"May",2019,2880,2710,170
"54","WV","West Virginia","Preston County","county",54077,"May",2019,15560,14930,630
"54","WV","West Virginia","Harrison County","county",54033,"May",2020,34580,30570,4010
"54","WV","West Virginia","Mason County","county",54053,"May",2020,9800,8590,1210
"54","WV","West Virginia","Barbour County","county",54001,"May",2020,6880,6090,790
"54","WV","West Virginia","Berkeley County","county",54003,"May",2020,56390,50390,6000
"54","WV","West Virginia","Boone County","county",54005,"May",2020,7340,6270,1070
"54","WV","West Virginia","Fayette County","county",54019,"May",2020,16490,14210,2290
"54","WV","West Virginia","Gilmer County","county",54021,"May",2020,2460,2160,300
"54","WV","West Virginia","Greenbrier County","county",54025,"May",2020,15770,13680,2090
"54","WV","West Virginia","Hampshire County","county",54027,"May",2020,10490,9610,880
"54","WV","West Virginia","Hancock County","county",54029,"May",2020,13340,11100,2250
"54","WV","West Virginia","Hardy County","county",54031,"May",2020,5820,5170,650
"54","WV","West Virginia","Jackson County","county",54035,"May",2020,12530,11070,1460
"54","WV","West Virginia","Jefferson County","county",54037,"May",2020,29480,26520,2950
"54","WV","West Virginia","Kanawha County","county",54039,"May",2020,81570,70110,11460
"54","WV","West Virginia","Lewis County","county",54041,"May",2020,6270,5340,930
"54","WV","West Virginia","Logan County","county",54045,"May",2020,10770,8950,1820
"54","WV","West Virginia","Mcdowell County","county",54047,"May",2020,4370,3790,580
"54","WV","West Virginia","Marion County","county",54049,"May",2020,24970,21580,3390
"54","WV","West Virginia","Marshall County","county",54051,"May",2020,13670,11600,2070
"54","WV","West Virginia","Mercer County","county",54055,"May",2020,20580,17840,2740
"54","WV","West Virginia","Mineral County","county",54057,"May",2020,11910,10640,1280
"54","WV","West Virginia","Monongalia County","county",54061,"May",2020,53910,48660,5250
"54","WV","West Virginia","Morgan County","county",54065,"May",2020,7780,7010,780
"54","WV","West Virginia","Nicholas County","county",54067,"May",2020,8980,7730,1240
"54","WV","West Virginia","Ohio County","county",54069,"May",2020,20510,17710,2800
"54","WV","West Virginia","Pleasants County","county",54073,"May",2020,2930,2510,420
"54","WV","West Virginia","Preston County","county",54077,"May",2020,15410,13760,1650
"54","WV","West Virginia","Harrison County","county",54033,"June",2019,35360,33870,1490
"54","WV","West Virginia","Mason County","county",54053,"June",2019,10440,9800,640
"54","WV","West Virginia","Barbour County","county",54001,"June",2019,7040,6600,440
"54","WV","West Virginia","Berkeley County","county",54003,"June",2019,59490,57240,2250
"54","WV","West Virginia","Boone County","county",54005,"June",2019,7620,7180,440
"54","WV","West Virginia","Fayette County","county",54019,"June",2019,16590,15690,900
"54","WV","West Virginia","Gilmer County","county",54021,"June",2019,2310,2150,150
"54","WV","West Virginia","Greenbrier County","county",54025,"June",2019,16440,15740,700
"54","WV","West Virginia","Hampshire County","county",54027,"June",2019,10940,10490,450
"54","WV","West Virginia","Hancock County","county",54029,"June",2019,13250,12580,680
"54","WV","West Virginia","Hardy County","county",54031,"June",2019,5910,5620,290
"54","WV","West Virginia","Jackson County","county",54035,"June",2019,14180,13530,650
"54","WV","West Virginia","Jefferson County","county",54037,"June",2019,31460,30430,1030
"54","WV","West Virginia","Kanawha County","county",54039,"June",2019,84160,80320,3840
"54","WV","West Virginia","Lewis County","county",54041,"June",2019,6970,6570,400
"54","WV","West Virginia","Logan County","county",54045,"June",2019,11380,10710,670
"54","WV","West Virginia","Mcdowell County","county",54047,"June",2019,4540,4110,430
"54","WV","West Virginia","Marion County","county",54049,"June",2019,25560,24220,1330
"54","WV","West Virginia","Marshall County","county",54051,"June",2019,14530,13690,850
"54","WV","West Virginia","Mercer County","county",54055,"June",2019,21540,20220,1310
"54","WV","West Virginia","Mineral County","county",54057,"June",2019,12790,12000,790
"54","WV","West Virginia","Monongalia County","county",54061,"June",2019,53360,51150,2210
"54","WV","West Virginia","Morgan County","county",54065,"June",2019,8370,8040,340
"54","WV","West Virginia","Nicholas County","county",54067,"June",2019,9660,9110,550
"54","WV","West Virginia","Ohio County","county",54069,"June",2019,21880,20890,990
"54","WV","West Virginia","Pleasants County","county",54073,"June",2019,2980,2790,180
"54","WV","West Virginia","Preston County","county",54077,"June",2019,15240,14530,700
"54","WV","West Virginia","Harrison County","county",54033,"June",2020,33820,30630,3190
"54","WV","West Virginia","Mason County","county",54053,"June",2020,9660,8680,980
"54","WV","West Virginia","Barbour County","county",54001,"June",2020,6740,6040,700
"54","WV","West Virginia","Berkeley County","county",54003,"June",2020,57020,52030,4980
"54","WV","West Virginia","Boone County","county",54005,"June",2020,7490,6540,950
"54","WV","West Virginia","Fayette County","county",54019,"June",2020,16260,14360,1900
"54","WV","West Virginia","Gilmer County","county",54021,"June",2020,2300,2030,270
"54","WV","West Virginia","Greenbrier County","county",54025,"June",2020,15280,13950,1330
"54","WV","West Virginia","Hampshire County","county",54027,"June",2020,10360,9630,730
"54","WV","West Virginia","Hancock County","county",54029,"June",2020,13140,11550,1590
"54","WV","West Virginia","Hardy County","county",54031,"June",2020,5670,5140,520
"54","WV","West Virginia","Jackson County","county",54035,"June",2020,12420,11190,1230
"54","WV","West Virginia","Jefferson County","county",54037,"June",2020,29140,26640,2500
"54","WV","West Virginia","Kanawha County","county",54039,"June",2020,82380,73060,9310
"54","WV","West Virginia","Lewis County","county",54041,"June",2020,6240,5420,810
"54","WV","West Virginia","Logan County","county",54045,"June",2020,10500,8870,1620
"54","WV","West Virginia","Mcdowell County","county",54047,"June",2020,4350,3740,620
"54","WV","West Virginia","Marion County","county",54049,"June",2020,24250,21470,2790
"54","WV","West Virginia","Marshall County","county",54051,"June",2020,13770,12230,1530
"54","WV","West Virginia","Mercer County","county",54055,"June",2020,20120,17710,2410
"54","WV","West Virginia","Mineral County","county",54057,"June",2020,11940,10810,1130
"54","WV","West Virginia","Monongalia County","county",54061,"June",2020,53330,48440,4890
"54","WV","West Virginia","Morgan County","county",54065,"June",2020,7710,7060,640
"54","WV","West Virginia","Nicholas County","county",54067,"June",2020,8850,7730,1120
"54","WV","West Virginia","Ohio County","county",54069,"June",2020,20800,18670,2130
"54","WV","West Virginia","Pleasants County","county",54073,"June",2020,2870,2520,350
"54","WV","West Virginia","Preston County","county",54077,"June",2020,15140,13730,1410
"54","WV","West Virginia","Harrison County","county",54033,"July",2019,35520,34040,1480
"54","WV","West Virginia","Mason County","county",54053,"July",2019,9940,9330,610
"54","WV","West Virginia","Barbour County","county",54001,"July",2019,6930,6510,420
"54","WV","West Virginia","Berkeley County","county",54003,"July",2019,59570,57460,2110
"54","WV","West Virginia","Boone County","county",54005,"July",2019,7590,7190,400
"54","WV","West Virginia","Fayette County","county",54019,"July",2019,16560,15680,880
"54","WV","West Virginia","Gilmer County","county",54021,"July",2019,2310,2170,140
"54","WV","West Virginia","Greenbrier County","county",54025,"July",2019,16560,15910,650
"54","WV","West Virginia","Hampshire County","county",54027,"July",2019,10960,10530,430
"54","WV","West Virginia","Hancock County","county",54029,"July",2019,13410,12680,730
"54","WV","West Virginia","Hardy County","county",54031,"July",2019,5800,5520,290
"54","WV","West Virginia","Jackson County","county",54035,"July",2019,14170,13540,630
"54","WV","West Virginia","Jefferson County","county",54037,"July",2019,30960,29970,990
"54","WV","West Virginia","Kanawha County","county",54039,"July",2019,84090,80400,3690
"54","WV","West Virginia","Lewis County","county",54041,"July",2019,6990,6590,400
"54","WV","West Virginia","Logan County","county",54045,"July",2019,11250,10600,650
"54","WV","West Virginia","Mcdowell County","county",54047,"July",2019,4450,4040,410
"54","WV","West Virginia","Marion County","county",54049,"July",2019,25670,24380,1290
"54","WV","West Virginia","Marshall County","county",54051,"July",2019,14570,13740,830
"54","WV","West Virginia","Mercer County","county",54055,"July",2019,20800,19550,1250
"54","WV","West Virginia","Mineral County","county",54057,"July",2019,12890,12070,810
"54","WV","West Virginia","Monongalia County","county",54061,"July",2019,54330,52300,2030
"54","WV","West Virginia","Morgan County","county",54065,"July",2019,8380,8060,320
"54","WV","West Virginia","Nicholas County","county",54067,"July",2019,9570,9050,520
"54","WV","West Virginia","Ohio County","county",54069,"July",2019,21890,20980,910
"54","WV","West Virginia","Pleasants County","county",54073,"July",2019,2860,2690,170
"54","WV","West Virginia","Preston County","county",54077,"July",2019,15510,14820,690
"54","WV","West Virginia","Harrison County","county",54033,"August",2019,34850,33350,1500
"54","WV","West Virginia","Mason County","county",54053,"August",2019,10040,9370,670
"54","WV","West Virginia","Barbour County","county",54001,"August",2019,6930,6540,400
"54","WV","West Virginia","Berkeley County","county",54003,"August",2019,58730,56550,2180
"54","WV","West Virginia","Boone County","county",54005,"August",2019,7530,7130,410
"54","WV","West Virginia","Fayette County","county",54019,"August",2019,16450,15570,890
"54","WV","West Virginia","Gilmer County","county",54021,"August",2019,2320,2190,140
"54","WV","West Virginia","Greenbrier County","county",54025,"August",2019,16840,16150,690
"54","WV","West Virginia","Hampshire County","county",54027,"August",2019,11040,10620,420
"54","WV","West Virginia","Hancock County","county",54029,"August",2019,13260,12590,670
"54","WV","West Virginia","Hardy County","county",54031,"August",2019,5790,5520,270
"54","WV","West Virginia","Jackson County","county",54035,"August",2019,13910,13280,630
"54","WV","West Virginia","Jefferson County","county",54037,"August",2019,30610,29580,1030
"54","WV","West Virginia","Kanawha County","county",54039,"August",2019,83470,79640,3830
"54","WV","West Virginia","Lewis County","county",54041,"August",2019,6940,6540,400
"54","WV","West Virginia","Logan County","county",54045,"August",2019,11150,10490,670
"54","WV","West Virginia","Mcdowell County","county",54047,"August",2019,4450,4070,380
"54","WV","West Virginia","Marion County","county",54049,"August",2019,25480,24210,1270
"54","WV","West Virginia","Marshall County","county",54051,"August",2019,14210,13420,800
"54","WV","West Virginia","Mercer County","county",54055,"August",2019,20590,19360,1230
"54","WV","West Virginia","Mineral County","county",54057,"August",2019,12830,11960,870
"54","WV","West Virginia","Monongalia County","county",54061,"August",2019,55000,52940,2060
"54","WV","West Virginia","Morgan County","county",54065,"August",2019,8390,8070,320
"54","WV","West Virginia","Nicholas County","county",54067,"August",2019,9600,9050,550
"54","WV","West Virginia","Ohio County","county",54069,"August",2019,21380,20480,900
"54","WV","West Virginia","Pleasants County","county",54073,"August",2019,2840,2670,180
"54","WV","West Virginia","Preston County","county",54077,"August",2019,15760,15080,670
"54","WV","West Virginia","Harrison County","county",54033,"September",2019,34680,33300,1380
"54","WV","West Virginia","Mason County","county",54053,"September",2019,10380,9810,580
"54","WV","West Virginia","Barbour County","county",54001,"September",2019,7250,6890,360
"54","WV","West Virginia","Berkeley County","county",54003,"September",2019,58890,56950,1930
"54","WV","West Virginia","Boone County","county",54005,"September",2019,7490,7110,380
"54","WV","West Virginia","Fayette County","county",54019,"September",2019,16410,15620,790
"54","WV","West Virginia","Gilmer County","county",54021,"September",2019,2370,2240,130
"54","WV","West Virginia","Greenbrier County","county",54025,"September",2019,16370,15730,640
"54","WV","West Virginia","Hampshire County","county",54027,"September",2019,11000,10610,390
"54","WV","West Virginia","Hancock County","county",54029,"September",2019,13270,12590,680
"54","WV","West Virginia","Hardy County","county",54031,"September",2019,5860,5620,250
"54","WV","West Virginia","Jackson County","county",54035,"September",2019,13500,12930,570
"54","WV","West Virginia","Jefferson County","county",54037,"September",2019,30710,29820,890
"54","WV","West Virginia","Kanawha County","county",54039,"September",2019,82940,79460,3480
"54","WV","West Virginia","Lewis County","county",54041,"September",2019,6890,6490,390
"54","WV","West Virginia","Logan County","county",54045,"September",2019,11170,10560,610
"54","WV","West Virginia","Mcdowell County","county",54047,"September",2019,4430,4080,350
"54","WV","West Virginia","Marion County","county",54049,"September",2019,25720,24550,1180
"54","WV","West Virginia","Marshall County","county",54051,"September",2019,14260,13480,780
"54","WV","West Virginia","Mercer County","county",54055,"September",2019,21220,20140,1090
"54","WV","West Virginia","Mineral County","county",54057,"September",2019,12920,12150,760
"54","WV","West Virginia","Monongalia County","county",54061,"September",2019,55750,53920,1820
"54","WV","West Virginia","Morgan County","county",54065,"September",2019,8250,7960,290
"54","WV","West Virginia","Nicholas County","county",54067,"September",2019,9500,9000,500
"54","WV","West Virginia","Ohio County","county",54069,"September",2019,21450,20580,860
"54","WV","West Virginia","Pleasants County","county",54073,"September",2019,2940,2770,170
"54","WV","West Virginia","Preston County","county",54077,"September",2019,15920,15320,600
"54","WV","West Virginia","Harrison County","county",54033,"October",2019,34940,33460,1480
"54","WV","West Virginia","Mason County","county",54053,"October",2019,10440,9860,570
"54","WV","West Virginia","Barbour County","county",54001,"October",2019,7460,7060,410
"54","WV","West Virginia","Berkeley County","county",54003,"October",2019,59760,57850,1910
"54","WV","West Virginia","Boone County","county",54005,"October",2019,7510,7100,410
"54","WV","West Virginia","Fayette County","county",54019,"October",2019,16490,15630,860
"54","WV","West Virginia","Gilmer County","county",54021,"October",2019,2480,2330,160
"54","WV","West Virginia","Greenbrier County","county",54025,"October",2019,16280,15580,700
"54","WV","West Virginia","Hampshire County","county",54027,"October",2019,11010,10630,380
"54","WV","West Virginia","Hancock County","county",54029,"October",2019,13270,12580,690
"54","WV","West Virginia","Hardy County","county",54031,"October",2019,5840,5590,250
"54","WV","West Virginia","Jackson County","county",54035,"October",2019,13500,12880,620
"54","WV","West Virginia","Jefferson County","county",54037,"October",2019,30790,29920,870
"54","WV","West Virginia","Kanawha County","county",54039,"October",2019,82920,79390,3530
"54","WV","West Virginia","Lewis County","county",54041,"October",2019,6850,6390,460
"54","WV","West Virginia","Logan County","county",54045,"October",2019,11290,10630,660
"54","WV","West Virginia","Mcdowell County","county",54047,"October",2019,4440,4090,360
"54","WV","West Virginia","Marion County","county",54049,"October",2019,25940,24690,1250
"54","WV","West Virginia","Marshall County","county",54051,"October",2019,14460,13600,860
"54","WV","West Virginia","Mercer County","county",54055,"October",2019,21400,20280,1120
"54","WV","West Virginia","Mineral County","county",54057,"October",2019,12920,12170,750
"54","WV","West Virginia","Monongalia County","county",54061,"October",2019,56170,54280,1890
"54","WV","West Virginia","Morgan County","county",54065,"October",2019,8300,8020,290
"54","WV","West Virginia","Nicholas County","county",54067,"October",2019,9650,9080,570
"54","WV","West Virginia","Ohio County","county",54069,"October",2019,21760,20770,1000
"54","WV","West Virginia","Pleasants County","county",54073,"October",2019,2960,2760,200
"54","WV","West Virginia","Preston County","county",54077,"October",2019,15980,15360,620
"54","WV","West Virginia","Harrison County","county",54033,"November",2019,34970,33370,1590
"54","WV","West Virginia","Mason County","county",54053,"November",2019,10280,9730,550
"54","WV","West Virginia","Barbour County","county",54001,"November",2019,7380,6970,410
"54","WV","West Virginia","Berkeley County","county",54003,"November",2019,60230,58440,1790
"54","WV","West Virginia","Boone County","county",54005,"November",2019,7460,7030,430
"54","WV","West Virginia","Fayette County","county",54019,"November",2019,16260,15290,960
"54","WV","West Virginia","Gilmer County","county",54021,"November",2019,2470,2290,180
"54","WV","West Virginia","Greenbrier County","county",54025,"November",2019,15660,14980,680
"54","WV","West Virginia","Hampshire County","county",54027,"November",2019,10760,10410,350
"54","WV","West Virginia","Hancock County","county",54029,"November",2019,13140,12470,670
"54","WV","West Virginia","Hardy County","county",54031,"November",2019,5730,5470,260
"54","WV","West Virginia","Jackson County","county",54035,"November",2019,13370,12690,680
"54","WV","West Virginia","Jefferson County","county",54037,"November",2019,30380,29540,840
"54","WV","West Virginia","Kanawha County","county",54039,"November",2019,82200,78610,3590
"54","WV","West Virginia","Lewis County","county",54041,"November",2019,6740,6240,490
"54","WV","West Virginia","Logan County","county",54045,"November",2019,11300,10590,710
"54","WV","West Virginia","Mcdowell County","county",54047,"November",2019,4470,4090,380
"54","WV","West Virginia","Marion County","county",54049,"November",2019,25920,24630,1290
"54","WV","West Virginia","Marshall County","county",54051,"November",2019,14430,13530,900
"54","WV","West Virginia","Mercer County","county",54055,"November",2019,21360,20260,1100
"54","WV","West Virginia","Mineral County","county",54057,"November",2019,12720,11990,730
"54","WV","West Virginia","Monongalia County","county",54061,"November",2019,55860,54020,1840
"54","WV","West Virginia","Morgan County","county",54065,"November",2019,8160,7880,280
"54","WV","West Virginia","Nicholas County","county",54067,"November",2019,9620,8960,670
"54","WV","West Virginia","Ohio County","county",54069,"November",2019,21690,20670,1020
"54","WV","West Virginia","Pleasants County","county",54073,"November",2019,2960,2750,220
"54","WV","West Virginia","Preston County","county",54077,"November",2019,15810,15130,680
"54","WV","West Virginia","Harrison County","county",54033,"December",2019,34840,33240,1600
"54","WV","West Virginia","Mason County","county",54053,"December",2019,10180,9590,590
"54","WV","West Virginia","Barbour County","county",54001,"December",2019,7370,6910,460
"54","WV","West Virginia","Berkeley County","county",54003,"December",2019,59890,58110,1780
"54","WV","West Virginia","Boone County","county",54005,"December",2019,7420,6990,430
"54","WV","West Virginia","Fayette County","county",54019,"December",2019,16250,15230,1020
"54","WV","West Virginia","Gilmer County","county",54021,"December",2019,2460,2260,200
"54","WV","West Virginia","Greenbrier County","county",54025,"December",2019,15700,14970,730
"54","WV","West Virginia","Hampshire County","county",54027,"December",2019,10740,10350,390
"54","WV","West Virginia","Hancock County","county",54029,"December",2019,13090,12400,690
"54","WV","West Virginia","Hardy County","county",54031,"December",2019,5760,5450,310
"54","WV","West Virginia","Jackson County","county",54035,"December",2019,13290,12580,710
"54","WV","West Virginia","Jefferson County","county",54037,"December",2019,30090,29260,830
"54","WV","West Virginia","Kanawha County","county",54039,"December",2019,81730,78120,3600
"54","WV","West Virginia","Lewis County","county",54041,"December",2019,6650,6140,510
"54","WV","West Virginia","Logan County","county",54045,"December",2019,11230,10520,720
"54","WV","West Virginia","Mcdowell County","county",54047,"December",2019,4460,4050,410
"54","WV","West Virginia","Marion County","county",54049,"December",2019,25630,24360,1280
"54","WV","West Virginia","Marshall County","county",54051,"December",2019,14370,13390,980
"54","WV","West Virginia","Mercer County","county",54055,"December",2019,21120,19960,1160
"54","WV","West Virginia","Mineral County","county",54057,"December",2019,12630,11880,750
"54","WV","West Virginia","Monongalia County","county",54061,"December",2019,55310,53470,1850
"54","WV","West Virginia","Morgan County","county",54065,"December",2019,8110,7830,280
"54","WV","West Virginia","Nicholas County","county",54067,"December",2019,9610,8850,750
"54","WV","West Virginia","Ohio County","county",54069,"December",2019,21420,20450,970
"54","WV","West Virginia","Pleasants County","county",54073,"December",2019,2970,2740,230
"54","WV","West Virginia","Preston County","county",54077,"December",2019,15690,14970,720
"54","WV","West Virginia","Barbour County","county",54001,"January",2019,7080,6570,510
"54","WV","West Virginia","Boone County","county",54005,"January",2019,7300,6870,430
"54","WV","West Virginia","Gilmer County","county",54021,"January",2019,2330,2140,190
"54","WV","West Virginia","Grant County","county",54023,"January",2019,5810,5420,390
"54","WV","West Virginia","Hampshire County","county",54027,"January",2019,10490,10010,480
"54","WV","West Virginia","Hardy County","county",54031,"January",2019,5800,5410,390
"54","WV","West Virginia","Jackson County","county",54035,"January",2019,13460,12700,760
"54","WV","West Virginia","Lincoln County","county",54043,"January",2019,7110,6580,540
"54","WV","West Virginia","Mcdowell County","county",54047,"January",2019,4470,3990,480
"54","WV","West Virginia","Monroe County","county",54063,"January",2019,5790,5480,320
"54","WV","West Virginia","Morgan County","county",54065,"January",2019,8020,7630,390
"54","WV","West Virginia","Nicholas County","county",54067,"January",2019,9350,8650,700
"54","WV","West Virginia","Pendleton County","county",54071,"January",2019,3580,3410,170
"54","WV","West Virginia","Pleasants County","county",54073,"January",2019,2990,2760,230
"54","WV","West Virginia","Pocahontas County","county",54075,"January",2019,4230,3960,270
"54","WV","West Virginia","Barbour County","county",54001,"January",2020,7390,6920,470
"54","WV","West Virginia","Boone County","county",54005,"January",2020,7520,7020,500
"54","WV","West Virginia","Gilmer County","county",54021,"January",2020,2400,2190,220
"54","WV","West Virginia","Grant County","county",54023,"January",2020,5940,5600,340
"54","WV","West Virginia","Hampshire County","county",54027,"January",2020,10890,10450,440
"54","WV","West Virginia","Hardy County","county",54031,"January",2020,5850,5530,320
"54","WV","West Virginia","Jackson County","county",54035,"January",2020,13480,12670,810
"54","WV","West Virginia","Lincoln County","county",54043,"January",2020,7320,6770,550
"54","WV","West Virginia","Mcdowell County","county",54047,"January",2020,4650,4130,530
"54","WV","West Virginia","Monroe County","county",54063,"January",2020,5970,5670,310
"54","WV","West Virginia","Morgan County","county",54065,"January",2020,8170,7850,330
"54","WV","West Virginia","Nicholas County","county",54067,"January",2020,9740,8930,810
"54","WV","West Virginia","Pendleton County","county",54071,"January",2020,3730,3570,160
"54","WV","West Virginia","Pleasants County","county",54073,"January",2020,2990,2730,260
"54","WV","West Virginia","Pocahontas County","county",54075,"January",2020,4230,4000,240
"54","WV","West Virginia","Barbour County","county",54001,"February",2019,7300,6740,570
"54","WV","West Virginia","Boone County","county",54005,"February",2019,7360,6920,440
"54","WV","West Virginia","Gilmer County","county",54021,"February",2019,2360,2160,190
"54","WV","West Virginia","Grant County","county",54023,"February",2019,5860,5420,430
"54","WV","West Virginia","Hampshire County","county",54027,"February",2019,10690,10160,520
"54","WV","West Virginia","Hardy County","county",54031,"February",2019,5860,5450,400
"54","WV","West Virginia","Jackson County","county",54035,"February",2019,13020,12180,840
"54","WV","West Virginia","Lincoln County","county",54043,"February",2019,7200,6630,570
"54","WV","West Virginia","Mcdowell County","county",54047,"February",2019,4500,4020,480
"54","WV","West Virginia","Monroe County","county",54063,"February",2019,5930,5610,320
"54","WV","West Virginia","Morgan County","county",54065,"February",2019,8000,7620,390
"54","WV","West Virginia","Nicholas County","county",54067,"February",2019,9450,8720,730
"54","WV","West Virginia","Pendleton County","county",54071,"February",2019,3650,3460,180
"54","WV","West Virginia","Pleasants County","county",54073,"February",2019,2900,2660,240
"54","WV","West Virginia","Pocahontas County","county",54075,"February",2019,4230,3960,270
"54","WV","West Virginia","Barbour County","county",54001,"February",2020,7480,6970,520
"54","WV","West Virginia","Boone County","county",54005,"February",2020,7540,7040,500
"54","WV","West Virginia","Gilmer County","county",54021,"February",2020,2480,2270,220
"54","WV","West Virginia","Grant County","county",54023,"February",2020,6010,5660,350
"54","WV","West Virginia","Hampshire County","county",54027,"February",2020,11050,10630,430
"54","WV","West Virginia","Hardy County","county",54031,"February",2020,5930,5610,320
"54","WV","West Virginia","Jackson County","county",54035,"February",2020,13470,12640,830
"54","WV","West Virginia","Lincoln County","county",54043,"February",2020,7420,6840,580
"54","WV","West Virginia","Mcdowell County","county",54047,"February",2020,4680,4160,520
"54","WV","West Virginia","Monroe County","county",54063,"February",2020,6180,5830,340
"54","WV","West Virginia","Morgan County","county",54065,"February",2020,8210,7890,320
"54","WV","West Virginia","Nicholas County","county",54067,"February",2020,9750,8900,850
"54","WV","West Virginia","Pendleton County","county",54071,"February",2020,3790,3640,160
"54","WV","West Virginia","Pleasants County","county",54073,"February",2020,2990,2730,260
"54","WV","West Virginia","Pocahontas County","county",54075,"February",2020,4280,4050,240
"54","WV","West Virginia","Barbour County","county",54001,"March",2019,7230,6780,440
"54","WV","West Virginia","Boone County","county",54005,"March",2019,7300,6900,390
"54","WV","West Virginia","Fayette County","county",54019,"March",2019,15950,14980,960
"54","WV","West Virginia","Gilmer County","county",54021,"March",2019,2360,2180,180
"54","WV","West Virginia","Grant County","county",54023,"March",2019,5880,5540,350
"54","WV","West Virginia","Hampshire County","county",54027,"March",2019,10650,10200,450
"54","WV","West Virginia","Hardy County","county",54031,"March",2019,5810,5460,350
"54","WV","West Virginia","Jackson County","county",54035,"March",2019,12680,11950,730
"54","WV","West Virginia","Lincoln County","county",54043,"March",2019,7100,6630,470
"54","WV","West Virginia","Mcdowell County","county",54047,"March",2019,4450,4010,440
"54","WV","West Virginia","Monroe County","county",54063,"March",2019,5930,5630,300
"54","WV","West Virginia","Morgan County","county",54065,"March",2019,8070,7720,340
"54","WV","West Virginia","Nicholas County","county",54067,"March",2019,9380,8740,640
"54","WV","West Virginia","Pendleton County","county",54071,"March",2019,3640,3490,160
"54","WV","West Virginia","Pleasants County","county",54073,"March",2019,2900,2680,220
"54","WV","West Virginia","Pocahontas County","county",54075,"March",2019,4090,3870,230
"54","WV","West Virginia","Barbour County","county",54001,"March",2020,7580,7000,570
"54","WV","West Virginia","Boone County","county",54005,"March",2020,7670,7080,590
"54","WV","West Virginia","Fayette County","county",54019,"March",2020,16590,15230,1350
"54","WV","West Virginia","Gilmer County","county",54021,"March",2020,2520,2270,240
"54","WV","West Virginia","Grant County","county",54023,"March",2020,6060,5680,380
"54","WV","West Virginia","Hampshire County","county",54027,"March",2020,10990,10510,480
"54","WV","West Virginia","Hardy County","county",54031,"March",2020,5910,5550,360
"54","WV","West Virginia","Jackson County","county",54035,"March",2020,13620,12710,910
"54","WV","West Virginia","Lincoln County","county",54043,"March",2020,7470,6840,630
"54","WV","West Virginia","Mcdowell County","county",54047,"March",2020,4720,4150,570
"54","WV","West Virginia","Monroe County","county",54063,"March",2020,6170,5780,400
"54","WV","West Virginia","Morgan County","county",54065,"March",2020,8260,7900,360
"54","WV","West Virginia","Nicholas County","county",54067,"March",2020,9900,8940,950
"54","WV","West Virginia","Pendleton County","county",54071,"March",2020,3770,3610,170
"54","WV","West Virginia","Pleasants County","county",54073,"March",2020,3020,2740,280
"54","WV","West Virginia","Pocahontas County","county",54075,"March",2020,4190,3920,270
"54","WV","West Virginia","Barbour County","county",54001,"April",2019,7190,6830,360
"54","WV","West Virginia","Boone County","county",54005,"April",2019,7320,6980,340
"54","WV","West Virginia","Fayette County","county",54019,"April",2019,16020,15240,790
"54","WV","West Virginia","Gilmer County","county",54021,"April",2019,2410,2250,160
"54","WV","West Virginia","Grant County","county",54023,"April",2019,5900,5620,270
"54","WV","West Virginia","Hampshire County","county",54027,"April",2019,10570,10210,360
"54","WV","West Virginia","Hardy County","county",54031,"April",2019,5700,5440,270
"54","WV","West Virginia","Jackson County","county",54035,"April",2019,13000,12370,630
"54","WV","West Virginia","Lincoln County","county",54043,"April",2019,7110,6720,390
"54","WV","West Virginia","Mcdowell County","county",54047,"April",2019,4400,3980,420
"54","WV","West Virginia","Monroe County","county",54063,"April",2019,5920,5690,230
"54","WV","West Virginia","Pendleton County","county",54071,"April",2019,3650,3510,140
"54","WV","West Virginia","Pocahontas County","county",54075,"April",2019,3750,3420,330
"54","WV","West Virginia","Grant County","county",54023,"April",2020,5630,5040,590
"54","WV","West Virginia","Lincoln County","county",54043,"April",2020,7200,5930,1270
"54","WV","West Virginia","Monroe County","county",54063,"April",2020,5760,4940,830
"54","WV","West Virginia","Pendleton County","county",54071,"April",2020,3520,3220,290
"54","WV","West Virginia","Pocahontas County","county",54075,"April",2020,3880,3190,690
"54","WV","West Virginia","Grant County","county",54023,"May",2019,5930,5660,280
"54","WV","West Virginia","Lincoln County","county",54043,"May",2019,7140,6750,390
"54","WV","West Virginia","Monroe County","county",54063,"May",2019,6030,5800,230
"54","WV","West Virginia","Pendleton County","county",54071,"May",2019,3760,3620,130
"54","WV","West Virginia","Pocahontas County","county",54075,"May",2019,3630,3390,250
"54","WV","West Virginia","Grant County","county",54023,"May",2020,5720,5200,530
"54","WV","West Virginia","Lincoln County","county",54043,"May",2020,7230,6280,950
"54","WV","West Virginia","Monroe County","county",54063,"May",2020,5780,5150,630
"54","WV","West Virginia","Pendleton County","county",54071,"May",2020,3550,3300,250
"54","WV","West Virginia","Pocahontas County","county",54075,"May",2020,3970,3400,570
"54","WV","West Virginia","Grant County","county",54023,"June",2019,6130,5800,330
"54","WV","West Virginia","Lincoln County","county",54043,"June",2019,7270,6810,460
"54","WV","West Virginia","Monroe County","county",54063,"June",2019,6050,5790,250
"54","WV","West Virginia","Pendleton County","county",54071,"June",2019,3790,3650,140
"54","WV","West Virginia","Pocahontas County","county",54075,"June",2019,3830,3650,180
"54","WV","West Virginia","Grant County","county",54023,"June",2020,5620,5170,460
"54","WV","West Virginia","Lincoln County","county",54043,"June",2020,7330,6510,830
"54","WV","West Virginia","Monroe County","county",54063,"June",2020,5660,5180,490
"54","WV","West Virginia","Pendleton County","county",54071,"June",2020,3550,3320,230
"54","WV","West Virginia","Pocahontas County","county",54075,"June",2020,3990,3500,490
"54","WV","West Virginia","Grant County","county",54023,"July",2019,6120,5790,330
"54","WV","West Virginia","Lincoln County","county",54043,"July",2019,7280,6830,450
"54","WV","West Virginia","Monroe County","county",54063,"July",2019,5920,5680,240
"54","WV","West Virginia","Pendleton County","county",54071,"July",2019,3710,3580,130
"54","WV","West Virginia","Pocahontas County","county",54075,"July",2019,3910,3750,160
"54","WV","West Virginia","Grant County","county",54023,"August",2019,6090,5770,320
"54","WV","West Virginia","Lincoln County","county",54043,"August",2019,7220,6790,430
"54","WV","West Virginia","Monroe County","county",54063,"August",2019,6060,5810,250
"54","WV","West Virginia","Pendleton County","county",54071,"August",2019,3730,3600,130
"54","WV","West Virginia","Pocahontas County","county",54075,"August",2019,3860,3690,170
"54","WV","West Virginia","Grant County","county",54023,"September",2019,6030,5740,290
"54","WV","West Virginia","Lincoln County","county",54043,"September",2019,7270,6860,400
"54","WV","West Virginia","Monroe County","county",54063,"September",2019,6160,5940,220
"54","WV","West Virginia","Pendleton County","county",54071,"September",2019,3790,3670,120
"54","WV","West Virginia","Pocahontas County","county",54075,"September",2019,3760,3600,150
"54","WV","West Virginia","Grant County","county",54023,"October",2019,6000,5720,280
"54","WV","West Virginia","Lincoln County","county",54043,"October",2019,7300,6860,440
"54","WV","West Virginia","Monroe County","county",54063,"October",2019,6060,5830,230
"54","WV","West Virginia","Pendleton County","county",54071,"October",2019,3780,3670,110
"54","WV","West Virginia","Pocahontas County","county",54075,"October",2019,3690,3510,190
"54","WV","West Virginia","Grant County","county",54023,"November",2019,5920,5600,320
"54","WV","West Virginia","Lincoln County","county",54043,"November",2019,7300,6840,460
"54","WV","West Virginia","Monroe County","county",54063,"November",2019,5920,5680,240
"54","WV","West Virginia","Pendleton County","county",54071,"November",2019,3690,3560,130
"54","WV","West Virginia","Pocahontas County","county",54075,"November",2019,3670,3400,270
"54","WV","West Virginia","Grant County","county",54023,"December",2019,5840,5510,330
"54","WV","West Virginia","Lincoln County","county",54043,"December",2019,7270,6800,470
"54","WV","West Virginia","Monroe County","county",54063,"December",2019,5980,5670,310
"54","WV","West Virginia","Pendleton County","county",54071,"December",2019,3660,3510,160
"54","WV","West Virginia","Pocahontas County","county",54075,"December",2019,4050,3840,210
"54","WV","West Virginia","Greenbrier County","county",54025,"January",2019,15420,14470,960
"54","WV","West Virginia","Hancock County","county",54029,"January",2019,12650,11940,720
"54","WV","West Virginia","Harrison County","county",54033,"January",2019,34230,32520,1720
"54","WV","West Virginia","Lewis County","county",54041,"January",2019,6960,6550,420
"54","WV","West Virginia","Marion County","county",54049,"January",2019,25300,23860,1430
"54","WV","West Virginia","Marshall County","county",54051,"January",2019,13930,12950,980
"54","WV","West Virginia","Mercer County","county",54055,"January",2019,20630,19290,1340
"54","WV","West Virginia","Mineral County","county",54057,"January",2019,12350,11650,700
"54","WV","West Virginia","Mingo County","county",54059,"January",2019,6710,6240,470
"54","WV","West Virginia","Monongalia County","county",54061,"January",2019,53460,51210,2260
"54","WV","West Virginia","Preston County","county",54077,"January",2019,15280,14410,870
"54","WV","West Virginia","Mason County","county",54053,"January",2019,10050,9320,720
"54","WV","West Virginia","Jefferson County","county",54037,"January",2019,29500,28410,1090
"54","WV","West Virginia","Greenbrier County","county",54025,"January",2020,15840,14940,890
"54","WV","West Virginia","Hancock County","county",54029,"January",2020,13000,12260,730
"54","WV","West Virginia","Harrison County","county",54033,"January",2020,34920,33160,1760
"54","WV","West Virginia","Lewis County","county",54041,"January",2020,6610,6110,500
"54","WV","West Virginia","Marion County","county",54049,"January",2020,25790,24460,1340
"54","WV","West Virginia","Marshall County","county",54051,"January",2020,14130,13040,1090
"54","WV","West Virginia","Mercer County","county",54055,"January",2020,21010,19820,1190
"54","WV","West Virginia","Mineral County","county",54057,"January",2020,12630,11900,730
"54","WV","West Virginia","Mingo County","county",54059,"January",2020,7160,6480,680
"54","WV","West Virginia","Monongalia County","county",54061,"January",2020,54170,52240,1940
"54","WV","West Virginia","Preston County","county",54077,"January",2020,15440,14640,790
"54","WV","West Virginia","Mason County","county",54053,"January",2020,10300,9620,680
"54","WV","West Virginia","Jefferson County","county",54037,"January",2020,30230,29330,900
"54","WV","West Virginia","Berkeley County","county",54003,"January",2019,57220,54830,2400
"54","WV","West Virginia","Logan County","county",54045,"January",2019,10920,10210,720
"54","WV","West Virginia","Berkeley County","county",54003,"January",2020,59100,57160,1940
"54","WV","West Virginia","Logan County","county",54045,"January",2020,11520,10650,870
"54","WV","West Virginia","Ohio County","county",54069,"January",2019,20750,19780,970
"54","WV","West Virginia","Ohio County","county",54069,"January",2020,20940,19910,1040
"54","WV","West Virginia","Greenbrier County","county",54025,"February",2019,15500,14530,970
"54","WV","West Virginia","Hancock County","county",54029,"February",2019,12930,12210,720
"54","WV","West Virginia","Harrison County","county",54033,"February",2019,34340,32540,1800
"54","WV","West Virginia","Lewis County","county",54041,"February",2019,6980,6510,470
"54","WV","West Virginia","Marion County","county",54049,"February",2019,25610,24110,1500
"54","WV","West Virginia","Marshall County","county",54051,"February",2019,14080,12950,1130
"54","WV","West Virginia","Mercer County","county",54055,"February",2019,20900,19560,1350
"54","WV","West Virginia","Mineral County","county",54057,"February",2019,12610,11870,740
"54","WV","West Virginia","Mingo County","county",54059,"February",2019,6770,6280,490
"54","WV","West Virginia","Monongalia County","county",54061,"February",2019,54500,52220,2280
"54","WV","West Virginia","Preston County","county",54077,"February",2019,15660,14710,950
"54","WV","West Virginia","Mason County","county",54053,"February",2019,10210,9460,750
"54","WV","West Virginia","Jefferson County","county",54037,"February",2019,29780,28730,1050
"54","WV","West Virginia","Greenbrier County","county",54025,"February",2020,15980,15090,890
"54","WV","West Virginia","Hancock County","county",54029,"February",2020,13080,12360,720
"54","WV","West Virginia","Harrison County","county",54033,"February",2020,35040,33230,1810
"54","WV","West Virginia","Lewis County","county",54041,"February",2020,6680,6140,530
"54","WV","West Virginia","Marion County","county",54049,"February",2020,26210,24860,1350
"54","WV","West Virginia","Marshall County","county",54051,"February",2020,14200,13080,1130
"54","WV","West Virginia","Mercer County","county",54055,"February",2020,21320,20110,1200
"54","WV","West Virginia","Mineral County","county",54057,"February",2020,12860,12130,730
"54","WV","West Virginia","Mingo County","county",54059,"February",2020,7200,6490,700
"54","WV","West Virginia","Monongalia County","county",54061,"February",2020,56220,54310,1920
"54","WV","West Virginia","Preston County","county",54077,"February",2020,16130,15290,840
"54","WV","West Virginia","Mason County","county",54053,"February",2020,10430,9730,700
"54","WV","West Virginia","Jefferson County","county",54037,"February",2020,30490,29630,860
"54","WV","West Virginia","Berkeley County","county",54003,"February",2019,57120,54700,2430
"54","WV","West Virginia","Logan County","county",54045,"February",2019,11030,10300,730
"54","WV","West Virginia","Berkeley County","county",54003,"February",2020,58810,56900,1910
"54","WV","West Virginia","Logan County","county",54045,"February",2020,11540,10670,870
"54","WV","West Virginia","Ohio County","county",54069,"February",2019,20860,19780,1080
"54","WV","West Virginia","Ohio County","county",54069,"February",2020,20970,19970,1000
"54","WV","West Virginia","Greenbrier County","county",54025,"March",2019,15590,14740,850
"54","WV","West Virginia","Hancock County","county",54029,"March",2019,12820,12150,670
"54","WV","West Virginia","Harrison County","county",54033,"March",2019,34220,32620,1600
"54","WV","West Virginia","Lewis County","county",54041,"March",2019,6730,6330,400
"54","WV","West Virginia","Marion County","county",54049,"March",2019,25370,24000,1370
"54","WV","West Virginia","Marshall County","county",54051,"March",2019,13960,12960,1000
"54","WV","West Virginia","Mercer County","county",54055,"March",2019,20810,19590,1220
"54","WV","West Virginia","Mineral County","county",54057,"March",2019,12580,11930,650
"54","WV","West Virginia","Mingo County","county",54059,"March",2019,6750,6310,440
"54","WV","West Virginia","Monongalia County","county",54061,"March",2019,54090,52020,2070
"54","WV","West Virginia","Preston County","county",54077,"March",2019,15490,14720,770
"54","WV","West Virginia","Mason County","county",54053,"March",2019,10200,9580,620
"54","WV","West Virginia","Jefferson County","county",54037,"March",2019,30070,29100,960
"54","WV","West Virginia","Greenbrier County","county",54025,"March",2020,16150,15150,1000
"54","WV","West Virginia","Hancock County","county",54029,"March",2020,13160,12310,850
"54","WV","West Virginia","Harrison County","county",54033,"March",2020,35370,33360,2020
"54","WV","West Virginia","Lewis County","county",54041,"March",2020,6700,6130,580
"54","WV","West Virginia","Marion County","county",54049,"March",2020,26370,24810,1560
"54","WV","West Virginia","Marshall County","county",54051,"March",2020,14320,13030,1290
"54","WV","West Virginia","Mercer County","county",54055,"March",2020,21600,20140,1460
"54","WV","West Virginia","Mineral County","county",54057,"March",2020,12810,12010,800
"54","WV","West Virginia","Mingo County","county",54059,"March",2020,7310,6460,850
"54","WV","West Virginia","Monongalia County","county",54061,"March",2020,56440,54220,2220
"54","WV","West Virginia","Preston County","county",54077,"March",2020,16190,15250,940
"54","WV","West Virginia","Mason County","county",54053,"March",2020,10510,9730,780
"54","WV","West Virginia","Jefferson County","county",54037,"March",2020,30660,29660,1000
"54","WV","West Virginia","Berkeley County","county",54003,"March",2019,57070,54870,2190
"54","WV","West Virginia","Logan County","county",54045,"March",2019,11000,10340,660
"54","WV","West Virginia","Berkeley County","county",54003,"March",2020,58770,56580,2190
"54","WV","West Virginia","Logan County","county",54045,"March",2020,11790,10750,1030
"54","WV","West Virginia","Ohio County","county",54069,"March",2019,20800,19790,1010
"54","WV","West Virginia","Ohio County","county",54069,"March",2020,21110,19890,1220
"54","WV","West Virginia","Hancock County","county",54029,"April",2019,13030,12420,610
"54","WV","West Virginia","Mingo County","county",54059,"April",2019,6800,6410,390
"54","WV","West Virginia","Jefferson County","county",54037,"April",2019,30420,29630,790
"54","WV","West Virginia","Mingo County","county",54059,"April",2020,6760,5100,1660
"54","WV","West Virginia","Berkeley County","county",54003,"April",2019,57640,55750,1890
"54","WV","West Virginia","Mingo County","county",54059,"May",2019,6920,6500,430
"54","WV","West Virginia","Mingo County","county",54059,"May",2020,6550,5290,1270
"54","WV","West Virginia","Mingo County","county",54059,"June",2019,7090,6580,510
"54","WV","West Virginia","Mingo County","county",54059,"June",2020,6380,5210,1180
"54","WV","West Virginia","Mingo County","county",54059,"July",2019,6930,6440,490
"54","WV","West Virginia","Mingo County","county",54059,"August",2019,6880,6390,490
"54","WV","West Virginia","Mingo County","county",54059,"September",2019,6960,6540,430
"54","WV","West Virginia","Mingo County","county",54059,"October",2019,6990,6520,470
"54","WV","West Virginia","Mingo County","county",54059,"November",2019,7000,6470,530
"54","WV","West Virginia","Mingo County","county",54059,"December",2019,6920,6390,530
"54","WV","West Virginia","Kanawha County","county",54039,"January",2019,81210,76800,4410
"54","WV","West Virginia","Kanawha County","county",54039,"January",2020,82400,78400,4000
"54","WV","West Virginia","Kanawha County","county",54039,"February",2019,81850,77330,4520
"54","WV","West Virginia","Kanawha County","county",54039,"February",2020,82690,78720,3970
"54","WV","West Virginia","Kanawha County","county",54039,"March",2019,81140,77140,4000
"54","WV","West Virginia","Kanawha County","county",54039,"March",2020,83690,79110,4580
