area_type,period,Area,Labor Force,Employed,Unemployed,Unemployment Rate,Preliminary
county,May,ALLEN COUNTY,"6,570","6,076",494,7.50%,Yes
county,May,ANDERSON COUNTY,"4,148","3,918",230,5.50%,Yes
county,May,ATCHISON COUNTY,"7,045","6,341",704,10.00%,Yes
county,May,BARBER COUNTY,"2,272","2,166",106,4.70%,Yes
county,May,BARTON COUNTY,"13,738","12,820",918,6.70%,Yes
county,May,BOURBON COUNTY,"6,603","6,084",519,7.90%,Yes
county,May,BROWN COUNTY,"5,427","5,027",400,7.40%,Yes
county,May,BUTLER COUNTY,"32,961","29,345","3,616",11.00%,Yes
county,May,CHASE COUNTY,"1,677","1,554",123,7.30%,Yes
county,May,CHAUTAUQUA COUNTY,"1,482","1,351",131,8.80%,Yes
county,May,CHEROKEE COUNTY,"10,194","9,299",895,8.80%,Yes
county,May,CHEYENNE COUNTY,"1,251","1,213",38,3.00%,Yes
county,May,CLARK COUNTY,"1,017",991,26,2.60%,Yes
county,May,CLAY COUNTY,"3,756","3,506",250,6.70%,Yes
county,May,CLOUD COUNTY,"3,743","3,537",206,5.50%,Yes
county,May,COFFEY COUNTY,"3,851","3,578",273,7.10%,Yes
county,May,COMANCHE COUNTY,886,846,40,4.50%,Yes
county,May,COWLEY COUNTY,"16,914","15,113","1,801",10.60%,Yes
county,May,CRAWFORD COUNTY,"19,052","17,468","1,584",8.30%,Yes
county,May,DECATUR COUNTY,"1,201","1,137",64,5.30%,Yes
county,May,DICKINSON COUNTY,"8,954","8,317",637,7.10%,Yes
county,May,DONIPHAN COUNTY,"4,064","3,761",303,7.50%,Yes
county,May,DOUGLAS COUNTY,"66,036","59,185","6,851",10.40%,Yes
county,May,EDWARDS COUNTY,"1,287","1,231",56,4.40%,Yes
county,May,ELK COUNTY,"1,158","1,077",81,7.00%,Yes
county,May,ELLIS COUNTY,"16,914","15,929",985,5.80%,Yes
county,May,ELLSWORTH COUNTY,"2,658","2,553",105,4.00%,Yes
county,May,FINNEY COUNTY,"20,363","19,331","1,032",5.10%,Yes
county,May,FORD COUNTY,"16,775","15,997",778,4.60%,Yes
county,May,FRANKLIN COUNTY,"14,228","13,054","1,174",8.30%,Yes
county,May,GEARY COUNTY,"11,485","10,258","1,227",10.70%,Yes
county,May,GOVE COUNTY,"1,457","1,405",52,3.60%,Yes
county,May,GRAHAM COUNTY,"1,114","1,040",74,6.60%,Yes
county,May,GRANT COUNTY,"3,055","2,902",153,5.00%,Yes
county,May,GRAY COUNTY,"3,189","3,110",79,2.50%,Yes
county,May,GREELEY COUNTY,789,774,15,1.90%,Yes
county,May,GREENWOOD COUNTY,"3,263","3,011",252,7.70%,Yes
county,May,HAMILTON COUNTY,"1,554","1,528",26,1.70%,Yes
county,May,HARPER COUNTY,"2,854","2,684",170,6.00%,Yes
county,May,HARVEY COUNTY,"16,826","15,406","1,420",8.40%,Yes
county,May,HASKELL COUNTY,"2,164","2,094",70,3.20%,Yes
county,May,HODGEMAN COUNTY,982,951,31,3.20%,Yes
county,May,JACKSON COUNTY,"7,292","6,473",819,11.20%,Yes
county,May,JEFFERSON COUNTY,"9,899","9,115",784,7.90%,Yes
county,May,JEWELL COUNTY,"1,264","1,210",54,4.30%,Yes
county,May,JOHNSON COUNTY,"335,847","304,656","31,191",9.30%,Yes
county,May,KEARNY COUNTY,"2,001","1,919",82,4.10%,Yes
county,May,KINGMAN COUNTY,"3,370","3,122",248,7.40%,Yes
county,May,KIOWA COUNTY,"1,250","1,187",63,5.00%,Yes
county,May,LABETTE COUNTY,"9,947","9,146",801,8.10%,Yes
county,May,LANE COUNTY,751,723,28,3.70%,Yes
county,May,LEAVENWORTH COUNTY,"36,369","32,563","3,806",10.50%,Yes
county,May,LINCOLN COUNTY,"1,657","1,598",59,3.60%,Yes
county,May,LINN COUNTY,"4,301","3,878",423,9.80%,Yes
county,May,LOGAN COUNTY,"1,585","1,531",54,3.40%,Yes
county,May,LYON COUNTY,"16,958","15,745","1,213",7.20%,Yes
county,May,MARION COUNTY,"6,018","5,665",353,5.90%,Yes
county,May,MARSHALL COUNTY,"5,330","5,087",243,4.60%,Yes
county,May,MCPHERSON COUNTY,"17,148","16,248",900,5.20%,Yes
county,May,MEADE COUNTY,"2,067","1,988",79,3.80%,Yes
county,May,MIAMI COUNTY,"16,987","15,629","1,358",8.00%,Yes
county,May,MITCHELL COUNTY,"3,270","3,154",116,3.50%,Yes
county,May,MONTGOMERY COUNTY,"14,982","13,342","1,640",10.90%,Yes
county,May,MORRIS COUNTY,"2,956","2,796",160,5.40%,Yes
county,May,MORTON COUNTY,"1,062","1,026",36,3.40%,Yes
county,May,NEMAHA COUNTY,"5,097","4,864",233,4.60%,Yes
county,May,NEOSHO COUNTY,"6,134","5,580",554,9.00%,Yes
county,May,NESS COUNTY,"1,317","1,253",64,4.90%,Yes
county,May,NORTON COUNTY,"2,570","2,486",84,3.30%,Yes
county,May,OSAGE COUNTY,"7,774","7,169",605,7.80%,Yes
county,May,OSBORNE COUNTY,"1,969","1,888",81,4.10%,Yes
county,May,OTTAWA COUNTY,"3,041","2,837",204,6.70%,Yes
county,May,PAWNEE COUNTY,"2,744","2,606",138,5.00%,Yes
county,May,PHILLIPS COUNTY,"2,618","2,488",130,5.00%,Yes
county,May,POTTAWATOMIE COUNTY,"11,704","10,949",755,6.50%,Yes
county,May,PRATT COUNTY,"4,891","4,640",251,5.10%,Yes
county,May,RAWLINS COUNTY,"1,441","1,391",50,3.50%,Yes
county,May,RENO COUNTY,"30,448","27,949","2,499",8.20%,Yes
county,May,REPUBLIC COUNTY,"2,214","2,112",102,4.60%,Yes
county,May,RICE COUNTY,"5,278","4,996",282,5.30%,Yes
county,May,RILEY COUNTY,"33,478","30,818","2,660",7.90%,Yes
county,May,ROOKS COUNTY,"2,472","2,335",137,5.50%,Yes
county,May,RUSH COUNTY,"1,580","1,485",95,6.00%,Yes
county,May,RUSSELL COUNTY,"3,252","3,026",226,6.90%,Yes
county,May,SALINE COUNTY,"30,957","28,253","2,704",8.70%,Yes
county,May,SCOTT COUNTY,"2,755","2,653",102,3.70%,Yes
county,May,SEDGWICK COUNTY,"265,208","226,161","39,047",14.70%,Yes
county,May,SEWARD COUNTY,"9,355","8,732",623,6.70%,Yes
county,May,SHAWNEE COUNTY,"90,172","81,194","8,978",10.00%,Yes
county,May,SHERIDAN COUNTY,"1,374","1,335",39,2.80%,Yes
county,May,SHERMAN COUNTY,"2,746","2,626",120,4.40%,Yes
county,May,SMITH COUNTY,"1,952","1,888",64,3.30%,Yes
county,May,STAFFORD COUNTY,"1,966","1,873",93,4.70%,Yes
county,May,STANTON COUNTY,941,915,26,2.80%,Yes
county,May,STEVENS COUNTY,"2,701","2,608",93,3.40%,Yes
county,May,SUMNER COUNTY,"11,312","9,846","1,466",13.00%,Yes
county,May,THOMAS COUNTY,"4,131","3,975",156,3.80%,Yes
county,May,TREGO COUNTY,"1,324","1,250",74,5.60%,Yes
county,May,WABAUNSEE COUNTY,"3,516","3,293",223,6.30%,Yes
county,May,WALLACE COUNTY,976,958,18,1.80%,Yes
county,May,WASHINGTON COUNTY,"2,927","2,829",98,3.30%,Yes
county,May,WICHITA COUNTY,"1,299","1,273",26,2.00%,Yes
county,May,WILSON COUNTY,"4,056","3,661",395,9.70%,Yes
county,May,WOODSON COUNTY,"1,664","1,526",138,8.30%,Yes
county,May,WYANDOTTE COUNTY,"79,439","68,306","11,133",14.00%,Yes
county,April,ALLEN COUNTY,"6,506","5,948",558,8.60%,No
county,April,ANDERSON COUNTY,"4,093","3,827",266,6.50%,No
county,April,ATCHISON COUNTY,"7,119","6,281",838,11.80%,No
county,April,BARBER COUNTY,"2,189","2,080",109,5.00%,No
county,April,BARTON COUNTY,"13,690","12,641","1,049",7.70%,No
county,April,BOURBON COUNTY,"6,608","6,027",581,8.80%,No
county,April,BROWN COUNTY,"5,350","4,891",459,8.60%,No
county,April,BUTLER COUNTY,"33,259","28,435","4,824",14.50%,No
county,April,CHASE COUNTY,"1,662","1,495",167,10.00%,No
county,April,CHAUTAUQUA COUNTY,"1,459","1,319",140,9.60%,No
county,April,CHEROKEE COUNTY,"10,215","9,149","1,066",10.40%,No
county,April,CHEYENNE COUNTY,"1,180","1,142",38,3.20%,No
county,April,CLARK COUNTY,963,939,24,2.50%,No
county,April,CLAY COUNTY,"3,658","3,371",287,7.80%,No
county,April,CLOUD COUNTY,"3,662","3,458",204,5.60%,No
county,April,COFFEY COUNTY,"3,961","3,628",333,8.40%,No
county,April,COMANCHE COUNTY,832,796,36,4.30%,No
county,April,COWLEY COUNTY,"17,345","14,913","2,432",14.00%,No
county,April,CRAWFORD COUNTY,"19,131","17,414","1,717",9.00%,No
county,April,DECATUR COUNTY,"1,133","1,075",58,5.10%,No
county,April,DICKINSON COUNTY,"8,795","8,091",704,8.00%,No
county,April,DONIPHAN COUNTY,"4,006","3,633",373,9.30%,No
county,April,DOUGLAS COUNTY,"65,917","58,350","7,567",11.50%,No
county,April,EDWARDS COUNTY,"1,222","1,172",50,4.10%,No
county,April,ELK COUNTY,"1,157","1,051",106,9.20%,No
county,April,ELLIS COUNTY,"16,903","15,688","1,215",7.20%,No
county,April,ELLSWORTH COUNTY,"2,574","2,458",116,4.50%,No
county,April,FINNEY COUNTY,"20,188","18,988","1,200",5.90%,No
county,April,FORD COUNTY,"16,414","15,673",741,4.50%,No
county,April,FRANKLIN COUNTY,"14,227","12,895","1,332",9.40%,No
county,April,GEARY COUNTY,"11,463","10,219","1,244",10.90%,No
county,April,GOVE COUNTY,"1,403","1,336",67,4.80%,No
county,April,GRAHAM COUNTY,"1,048",993,55,5.20%,No
county,April,GRANT COUNTY,"2,882","2,759",123,4.30%,No
county,April,GRAY COUNTY,"2,969","2,890",79,2.70%,No
county,April,GREELEY COUNTY,742,727,15,2.00%,No
county,April,GREENWOOD COUNTY,"3,294","2,994",300,9.10%,No
county,April,HAMILTON COUNTY,"1,429","1,402",27,1.90%,No
county,April,HARPER COUNTY,"2,812","2,643",169,6.00%,No
county,April,HARVEY COUNTY,"16,779","14,902","1,877",11.20%,No
county,April,HASKELL COUNTY,"2,048","1,986",62,3.00%,No
county,April,HODGEMAN COUNTY,923,888,35,3.80%,No
county,April,JACKSON COUNTY,"7,247","6,339",908,12.50%,No
county,April,JEFFERSON COUNTY,"9,914","8,904","1,010",10.20%,No
county,April,JEWELL COUNTY,"1,203","1,154",49,4.10%,No
county,April,JOHNSON COUNTY,"334,774","299,312","35,462",10.60%,No
county,April,KEARNY COUNTY,"1,913","1,820",93,4.90%,No
county,April,KINGMAN COUNTY,"3,286","2,968",318,9.70%,No
county,April,KIOWA COUNTY,"1,186","1,128",58,4.90%,No
county,April,LABETTE COUNTY,"9,826","9,017",809,8.20%,No
county,April,LANE COUNTY,696,672,24,3.40%,No
county,April,LEAVENWORTH COUNTY,"36,154","31,989","4,165",11.50%,No
county,April,LINCOLN COUNTY,"1,602","1,544",58,3.60%,No
county,April,LINN COUNTY,"4,197","3,770",427,10.20%,No
county,April,LOGAN COUNTY,"1,537","1,467",70,4.60%,No
county,April,LYON COUNTY,"16,935","15,665","1,270",7.50%,No
county,April,MARION COUNTY,"5,847","5,400",447,7.60%,No
county,April,MARSHALL COUNTY,"5,222","4,951",271,5.20%,No
county,April,MCPHERSON COUNTY,"17,066","16,071",995,5.80%,No
county,April,MEADE COUNTY,"1,951","1,870",81,4.20%,No
county,April,MIAMI COUNTY,"16,904","15,342","1,562",9.20%,No
county,April,MITCHELL COUNTY,"3,167","3,058",109,3.40%,No
county,April,MONTGOMERY COUNTY,"15,230","13,189","2,041",13.40%,No
county,April,MORRIS COUNTY,"2,874","2,678",196,6.80%,No
county,April,MORTON COUNTY,"1,024",989,35,3.40%,No
county,April,NEMAHA COUNTY,"4,949","4,686",263,5.30%,No
county,April,NEOSHO COUNTY,"6,066","5,455",611,10.10%,No
county,April,NESS COUNTY,"1,260","1,192",68,5.40%,No
county,April,NORTON COUNTY,"2,464","2,383",81,3.30%,No
county,April,OSAGE COUNTY,"7,764","6,988",776,10.00%,No
county,April,OSBORNE COUNTY,"1,886","1,801",85,4.50%,No
county,April,OTTAWA COUNTY,"2,926","2,748",178,6.10%,No
county,April,PAWNEE COUNTY,"2,603","2,472",131,5.00%,No
county,April,PHILLIPS COUNTY,"2,556","2,387",169,6.60%,No
county,April,POTTAWATOMIE COUNTY,"11,670","10,777",893,7.70%,No
county,April,PRATT COUNTY,"4,800","4,531",269,5.60%,No
county,April,RAWLINS COUNTY,"1,371","1,319",52,3.80%,No
county,April,RENO COUNTY,"30,782","27,649","3,133",10.20%,No
county,April,REPUBLIC COUNTY,"2,109","2,018",91,4.30%,No
county,April,RICE COUNTY,"5,274","4,911",363,6.90%,No
county,April,RILEY COUNTY,"33,405","30,516","2,889",8.60%,No
county,April,ROOKS COUNTY,"2,348","2,214",134,5.70%,No
county,April,RUSH COUNTY,"1,566","1,435",131,8.40%,No
county,April,RUSSELL COUNTY,"3,171","2,935",236,7.40%,No
county,April,SALINE COUNTY,"30,874","27,918","2,956",9.60%,No
county,April,SCOTT COUNTY,"2,594","2,500",94,3.60%,No
county,April,SEDGWICK COUNTY,"270,060","219,653","50,407",18.70%,No
county,April,SEWARD COUNTY,"9,071","8,527",544,6.00%,No
county,April,SHAWNEE COUNTY,"90,912","79,856","11,056",12.20%,No
county,April,SHERIDAN COUNTY,"1,292","1,251",41,3.20%,No
county,April,SHERMAN COUNTY,"2,640","2,521",119,4.50%,No
county,April,SMITH COUNTY,"1,836","1,769",67,3.60%,No
county,April,STAFFORD COUNTY,"1,856","1,759",97,5.20%,No
county,April,STANTON COUNTY,878,857,21,2.40%,No
county,April,STEVENS COUNTY,"2,534","2,447",87,3.40%,No
county,April,SUMNER COUNTY,"11,502","9,493","2,009",17.50%,No
county,April,THOMAS COUNTY,"4,030","3,858",172,4.30%,No
county,April,TREGO COUNTY,"1,289","1,205",84,6.50%,No
county,April,WABAUNSEE COUNTY,"3,449","3,186",263,7.60%,No
county,April,WALLACE COUNTY,911,891,20,2.20%,No
county,April,WASHINGTON COUNTY,"2,796","2,685",111,4.00%,No
county,April,WICHITA COUNTY,"1,180","1,151",29,2.50%,No
county,April,WILSON COUNTY,"4,369","3,551",818,18.70%,No
county,April,WOODSON COUNTY,"1,616","1,473",143,8.80%,No
county,April,WYANDOTTE COUNTY,"78,945","67,158","11,787",14.90%,No
county,March,ALLEN COUNTY,"6,677","6,475",202,3.00%,No
county,March,ANDERSON COUNTY,"4,291","4,169",122,2.80%,No
county,March,ATCHISON COUNTY,"7,173","6,844",329,4.60%,No
county,March,BARBER COUNTY,"2,355","2,303",52,2.20%,No
county,March,BARTON COUNTY,"14,164","13,757",407,2.90%,No
county,March,BOURBON COUNTY,"6,766","6,523",243,3.60%,No
county,March,BROWN COUNTY,"5,487","5,341",146,2.70%,No
county,March,BUTLER COUNTY,"32,811","31,839",972,3.00%,No
county,March,CHASE COUNTY,"1,637","1,592",45,2.70%,No
county,March,CHAUTAUQUA COUNTY,"1,491","1,445",46,3.10%,No
county,March,CHEROKEE COUNTY,"10,257","9,969",288,2.80%,No
county,March,CHEYENNE COUNTY,"1,301","1,271",30,2.30%,No
county,March,CLARK COUNTY,"1,080","1,056",24,2.20%,No
county,March,CLAY COUNTY,"3,819","3,719",100,2.60%,No
county,March,CLOUD COUNTY,"3,876","3,777",99,2.60%,No
county,March,COFFEY COUNTY,"4,084","3,931",153,3.70%,No
county,March,COMANCHE COUNTY,876,855,21,2.40%,No
county,March,COWLEY COUNTY,"16,732","16,212",520,3.10%,No
county,March,CRAWFORD COUNTY,"19,446","18,813",633,3.30%,No
county,March,DECATUR COUNTY,"1,235","1,202",33,2.70%,No
county,March,DICKINSON COUNTY,"9,089","8,723",366,4.00%,No
county,March,DONIPHAN COUNTY,"4,088","3,958",130,3.20%,No
county,March,DOUGLAS COUNTY,"66,172","64,399","1,773",2.70%,No
county,March,EDWARDS COUNTY,"1,307","1,277",30,2.30%,No
county,March,ELK COUNTY,"1,189","1,157",32,2.70%,No
county,March,ELLIS COUNTY,"17,395","17,080",315,1.80%,No
county,March,ELLSWORTH COUNTY,"2,736","2,671",65,2.40%,No
county,March,FINNEY COUNTY,"21,106","20,710",396,1.90%,No
county,March,FORD COUNTY,"17,416","17,050",366,2.10%,No
county,March,FRANKLIN COUNTY,"14,497","14,068",429,3.00%,No
county,March,GEARY COUNTY,"11,649","11,151",498,4.30%,No
county,March,GOVE COUNTY,"1,515","1,485",30,2.00%,No
county,March,GRAHAM COUNTY,"1,117","1,090",27,2.40%,No
county,March,GRANT COUNTY,"3,138","3,063",75,2.40%,No
county,March,GRAY COUNTY,"3,281","3,217",64,2.00%,No
county,March,GREELEY COUNTY,822,809,13,1.60%,No
county,March,GREENWOOD COUNTY,"3,304","3,197",107,3.20%,No
county,March,HAMILTON COUNTY,"1,608","1,581",27,1.70%,No
county,March,HARPER COUNTY,"3,006","2,933",73,2.40%,No
county,March,HARVEY COUNTY,"17,158","16,694",464,2.70%,No
county,March,HASKELL COUNTY,"2,235","2,195",40,1.80%,No
county,March,HODGEMAN COUNTY,"1,012",987,25,2.50%,No
county,March,JACKSON COUNTY,"7,207","6,994",213,3.00%,No
county,March,JEFFERSON COUNTY,"10,127","9,831",296,2.90%,No
county,March,JEWELL COUNTY,"1,272","1,242",30,2.40%,No
county,March,JOHNSON COUNTY,"338,736","330,309","8,427",2.50%,No
county,March,KEARNY COUNTY,"2,056","2,023",33,1.60%,No
county,March,KINGMAN COUNTY,"3,434","3,342",92,2.70%,No
county,March,KIOWA COUNTY,"1,273","1,246",27,2.10%,No
county,March,LABETTE COUNTY,"10,221","9,843",378,3.70%,No
county,March,LANE COUNTY,753,732,21,2.80%,No
county,March,LEAVENWORTH COUNTY,"36,538","35,310","1,228",3.40%,No
county,March,LINCOLN COUNTY,"1,722","1,687",35,2.00%,No
county,March,LINN COUNTY,"4,441","4,175",266,6.00%,No
county,March,LOGAN COUNTY,"1,694","1,667",27,1.60%,No
county,March,LYON COUNTY,"17,521","17,023",498,2.80%,No
county,March,MARION COUNTY,"6,135","5,982",153,2.50%,No
county,March,MARSHALL COUNTY,"5,562","5,433",129,2.30%,No
county,March,MCPHERSON COUNTY,"17,611","17,252",359,2.00%,No
county,March,MEADE COUNTY,"2,163","2,120",43,2.00%,No
county,March,MIAMI COUNTY,"17,499","16,936",563,3.20%,No
county,March,MITCHELL COUNTY,"3,409","3,344",65,1.90%,No
county,March,MONTGOMERY COUNTY,"14,912","14,319",593,4.00%,No
county,March,MORRIS COUNTY,"3,047","2,960",87,2.90%,No
county,March,MORTON COUNTY,"1,123","1,096",27,2.40%,No
county,March,NEMAHA COUNTY,"5,294","5,167",127,2.40%,No
county,March,NEOSHO COUNTY,"6,190","5,947",243,3.90%,No
county,March,NESS COUNTY,"1,351","1,316",35,2.60%,No
county,March,NORTON COUNTY,"2,684","2,632",52,1.90%,No
county,March,OSAGE COUNTY,"7,981","7,719",262,3.30%,No
county,March,OSBORNE COUNTY,"2,032","1,986",46,2.30%,No
county,March,OTTAWA COUNTY,"3,086","3,010",76,2.50%,No
county,March,PAWNEE COUNTY,"2,826","2,737",89,3.10%,No
county,March,PHILLIPS COUNTY,"2,675","2,615",60,2.20%,No
county,March,POTTAWATOMIE COUNTY,"12,452","12,132",320,2.60%,No
county,March,PRATT COUNTY,"5,046","4,933",113,2.20%,No
county,March,RAWLINS COUNTY,"1,517","1,488",29,1.90%,No
county,March,RENO COUNTY,"30,738","29,890",848,2.80%,No
county,March,REPUBLIC COUNTY,"2,268","2,216",52,2.30%,No
county,March,RICE COUNTY,"5,449","5,322",127,2.30%,No
county,March,RILEY COUNTY,"35,146","34,317",829,2.40%,No
county,March,ROOKS COUNTY,"2,528","2,458",70,2.80%,No
county,March,RUSH COUNTY,"1,633","1,582",51,3.10%,No
county,March,RUSSELL COUNTY,"3,294","3,213",81,2.50%,No
county,March,SALINE COUNTY,"31,028","30,126",902,2.90%,No
county,March,SCOTT COUNTY,"2,829","2,783",46,1.60%,No
county,March,SEDGWICK COUNTY,"254,263","245,749","8,514",3.30%,No
county,March,SEWARD COUNTY,"9,579","9,334",245,2.60%,No
county,March,SHAWNEE COUNTY,"90,711","87,960","2,751",3.00%,No
county,March,SHERIDAN COUNTY,"1,428","1,404",24,1.70%,No
county,March,SHERMAN COUNTY,"2,851","2,779",72,2.50%,No
county,March,SMITH COUNTY,"2,031","1,982",49,2.40%,No
county,March,STAFFORD COUNTY,"2,027","1,970",57,2.80%,No
county,March,STANTON COUNTY,983,959,24,2.40%,No
county,March,STEVENS COUNTY,"2,806","2,741",65,2.30%,No
county,March,SUMNER COUNTY,"11,007","10,649",358,3.30%,No
county,March,THOMAS COUNTY,"4,320","4,234",86,2.00%,No
county,March,TREGO COUNTY,"1,388","1,343",45,3.20%,No
county,March,WABAUNSEE COUNTY,"3,647","3,534",113,3.10%,No
county,March,WALLACE COUNTY,984,968,16,1.60%,No
county,March,WASHINGTON COUNTY,"3,006","2,949",57,1.90%,No
county,March,WICHITA COUNTY,"1,290","1,268",22,1.70%,No
county,March,WILSON COUNTY,"4,060","3,887",173,4.30%,No
county,March,WOODSON COUNTY,"1,657","1,600",57,3.40%,No
county,March,WYANDOTTE COUNTY,"77,021","74,112","2,909",3.80%,No
county,February,ALLEN COUNTY,"6,421","6,193",228,3.60%,No
county,February,ANDERSON COUNTY,"4,202","4,059",143,3.40%,No
county,February,ATCHISON COUNTY,"7,029","6,641",388,5.50%,No
county,February,BARBER COUNTY,"2,297","2,236",61,2.70%,No
county,February,BARTON COUNTY,"13,293","12,794",499,3.80%,No
county,February,BOURBON COUNTY,"6,594","6,277",317,4.80%,No
county,February,BROWN COUNTY,"5,363","5,203",160,3.00%,No
county,February,BUTLER COUNTY,"33,025","31,904","1,121",3.40%,No
county,February,CHASE COUNTY,"1,552","1,509",43,2.80%,No
county,February,CHAUTAUQUA COUNTY,"1,424","1,376",48,3.40%,No
county,February,CHEROKEE COUNTY,"10,162","9,840",322,3.20%,No
county,February,CHEYENNE COUNTY,"1,317","1,285",32,2.40%,No
county,February,CLARK COUNTY,"1,080","1,055",25,2.30%,No
county,February,CLAY COUNTY,"3,769","3,653",116,3.10%,No
county,February,CLOUD COUNTY,"3,749","3,642",107,2.90%,No
county,February,COFFEY COUNTY,"4,182","3,991",191,4.60%,No
county,February,COMANCHE COUNTY,839,816,23,2.70%,No
county,February,COWLEY COUNTY,"16,329","15,752",577,3.50%,No
county,February,CRAWFORD COUNTY,"18,625","17,875",750,4.00%,No
county,February,DECATUR COUNTY,"1,178","1,141",37,3.10%,No
county,February,DICKINSON COUNTY,"8,764","8,409",355,4.10%,No
county,February,DONIPHAN COUNTY,"4,129","3,970",159,3.90%,No
county,February,DOUGLAS COUNTY,"67,075","65,076","1,999",3.00%,No
county,February,EDWARDS COUNTY,"1,382","1,352",30,2.20%,No
county,February,ELK COUNTY,"1,149","1,113",36,3.10%,No
county,February,ELLIS COUNTY,"17,044","16,682",362,2.10%,No
county,February,ELLSWORTH COUNTY,"2,690","2,621",69,2.60%,No
county,February,FINNEY COUNTY,"20,876","20,441",435,2.10%,No
county,February,FORD COUNTY,"16,968","16,556",412,2.40%,No
county,February,FRANKLIN COUNTY,"14,299","13,784",515,3.60%,No
county,February,GEARY COUNTY,"11,403","10,888",515,4.50%,No
county,February,GOVE COUNTY,"1,474","1,447",27,1.80%,No
county,February,GRAHAM COUNTY,"1,085","1,056",29,2.70%,No
county,February,GRANT COUNTY,"3,138","3,058",80,2.50%,No
county,February,GRAY COUNTY,"3,173","3,102",71,2.20%,No
county,February,GREELEY COUNTY,778,764,14,1.80%,No
county,February,GREENWOOD COUNTY,"3,312","3,187",125,3.80%,No
county,February,HAMILTON COUNTY,"1,621","1,592",29,1.80%,No
county,February,HARPER COUNTY,"2,988","2,913",75,2.50%,No
county,February,HARVEY COUNTY,"17,272","16,732",540,3.10%,No
county,February,HASKELL COUNTY,"2,170","2,124",46,2.10%,No
county,February,HODGEMAN COUNTY,978,949,29,3.00%,No
county,February,JACKSON COUNTY,"7,208","6,969",239,3.30%,No
county,February,JEFFERSON COUNTY,"10,168","9,801",367,3.60%,No
county,February,JEWELL COUNTY,"1,244","1,212",32,2.60%,No
county,February,JOHNSON COUNTY,"342,010","332,840","9,170",2.70%,No
county,February,KEARNY COUNTY,"2,021","1,985",36,1.80%,No
county,February,KINGMAN COUNTY,"3,462","3,353",109,3.10%,No
county,February,KIOWA COUNTY,"1,267","1,238",29,2.30%,No
county,February,LABETTE COUNTY,"9,943","9,530",413,4.20%,No
county,February,LANE COUNTY,746,725,21,2.80%,No
county,February,LEAVENWORTH COUNTY,"36,966","35,575","1,391",3.80%,No
county,February,LINCOLN COUNTY,"1,698","1,659",39,2.30%,No
county,February,LINN COUNTY,"4,525","4,208",317,7.00%,No
county,February,LOGAN COUNTY,"1,616","1,580",36,2.20%,No
county,February,LYON COUNTY,"16,829","16,243",586,3.50%,No
county,February,MARION COUNTY,"5,920","5,765",155,2.60%,No
county,February,MARSHALL COUNTY,"5,448","5,291",157,2.90%,No
county,February,MCPHERSON COUNTY,"17,212","16,804",408,2.40%,No
county,February,MEADE COUNTY,"2,067","2,021",46,2.20%,No
county,February,MIAMI COUNTY,"17,737","17,065",672,3.80%,No
county,February,MITCHELL COUNTY,"3,259","3,184",75,2.30%,No
county,February,MONTGOMERY COUNTY,"14,510","13,842",668,4.60%,No
county,February,MORRIS COUNTY,"3,034","2,936",98,3.20%,No
county,February,MORTON COUNTY,"1,109","1,080",29,2.60%,No
county,February,NEMAHA COUNTY,"5,246","5,109",137,2.60%,No
county,February,NEOSHO COUNTY,"6,200","5,927",273,4.40%,No
county,February,NESS COUNTY,"1,312","1,278",34,2.60%,No
county,February,NORTON COUNTY,"2,655","2,600",55,2.10%,No
county,February,OSAGE COUNTY,"8,015","7,700",315,3.90%,No
county,February,OSBORNE COUNTY,"2,078","2,021",57,2.70%,No
county,February,OTTAWA COUNTY,"2,978","2,898",80,2.70%,No
county,February,PAWNEE COUNTY,"2,835","2,742",93,3.30%,No
county,February,PHILLIPS COUNTY,"2,611","2,549",62,2.40%,No
county,February,POTTAWATOMIE COUNTY,"12,704","12,321",383,3.00%,No
county,February,PRATT COUNTY,"4,881","4,765",116,2.40%,No
county,February,RAWLINS COUNTY,"1,463","1,434",29,2.00%,No
county,February,RENO COUNTY,"29,655","28,686",969,3.30%,No
county,February,REPUBLIC COUNTY,"2,183","2,128",55,2.50%,No
county,February,RICE COUNTY,"5,195","5,065",130,2.50%,No
county,February,RILEY COUNTY,"35,799","34,851",948,2.60%,No
county,February,ROOKS COUNTY,"2,461","2,384",77,3.10%,No
county,February,RUSH COUNTY,"1,614","1,571",43,2.70%,No
county,February,RUSSELL COUNTY,"3,221","3,123",98,3.00%,No
county,February,SALINE COUNTY,"30,271","29,257","1,014",3.30%,No
county,February,SCOTT COUNTY,"2,809","2,756",53,1.90%,No
county,February,SEDGWICK COUNTY,"256,380","246,239","10,141",4.00%,No
county,February,SEWARD COUNTY,"9,259","8,976",283,3.10%,No
county,February,SHAWNEE COUNTY,"90,878","87,620","3,258",3.60%,No
county,February,SHERIDAN COUNTY,"1,390","1,358",32,2.30%,No
county,February,SHERMAN COUNTY,"2,760","2,680",80,2.90%,No
county,February,SMITH COUNTY,"1,961","1,906",55,2.80%,No
county,February,STAFFORD COUNTY,"2,035","1,974",61,3.00%,No
county,February,STANTON COUNTY,967,940,27,2.80%,No
county,February,STEVENS COUNTY,"2,478","2,401",77,3.10%,No
county,February,SUMNER COUNTY,"11,068","10,671",397,3.60%,No
county,February,THOMAS COUNTY,"4,267","4,180",87,2.00%,No
county,February,TREGO COUNTY,"1,419","1,374",45,3.20%,No
county,February,WABAUNSEE COUNTY,"3,665","3,522",143,3.90%,No
county,February,WALLACE COUNTY,782,762,20,2.60%,No
county,February,WASHINGTON COUNTY,"2,893","2,813",80,2.80%,No
county,February,WICHITA COUNTY,"1,183","1,162",21,1.80%,No
county,February,WILSON COUNTY,"3,991","3,811",180,4.50%,No
county,February,WOODSON COUNTY,"1,575","1,516",59,3.70%,No
county,February,WYANDOTTE COUNTY,"78,140","74,664","3,476",4.40%,No
county,January,ALLEN COUNTY,"6,282","6,045",237,3.80%,No
county,January,ANDERSON COUNTY,"4,159","4,003",156,3.80%,No
county,January,ATCHISON COUNTY,"6,951","6,583",368,5.30%,No
county,January,BARBER COUNTY,"2,294","2,225",69,3.00%,No
county,January,BARTON COUNTY,"13,134","12,633",501,3.80%,No
county,January,BOURBON COUNTY,"6,585","6,282",303,4.60%,No
county,January,BROWN COUNTY,"5,352","5,176",176,3.30%,No
county,January,BUTLER COUNTY,"32,722","31,559","1,163",3.60%,No
county,January,CHASE COUNTY,"1,536","1,491",45,2.90%,No
county,January,CHAUTAUQUA COUNTY,"1,425","1,373",52,3.60%,No
county,January,CHEROKEE COUNTY,"10,107","9,784",323,3.20%,No
county,January,CHEYENNE COUNTY,"1,301","1,269",32,2.50%,No
county,January,CLARK COUNTY,"1,080","1,053",27,2.50%,No
county,January,CLAY COUNTY,"3,747","3,621",126,3.40%,No
county,January,CLOUD COUNTY,"3,735","3,609",126,3.40%,No
county,January,COFFEY COUNTY,"4,161","3,944",217,5.20%,No
county,January,COMANCHE COUNTY,832,807,25,3.00%,No
county,January,COWLEY COUNTY,"16,109","15,536",573,3.60%,No
county,January,CRAWFORD COUNTY,"18,582","17,800",782,4.20%,No
county,January,DECATUR COUNTY,"1,178","1,139",39,3.30%,No
county,January,DICKINSON COUNTY,"8,759","8,367",392,4.50%,No
county,January,DONIPHAN COUNTY,"4,118","3,963",155,3.80%,No
county,January,DOUGLAS COUNTY,"65,869","63,756","2,113",3.20%,No
county,January,EDWARDS COUNTY,"1,362","1,327",35,2.60%,No
county,January,ELK COUNTY,"1,154","1,117",37,3.20%,No
county,January,ELLIS COUNTY,"16,918","16,530",388,2.30%,No
county,January,ELLSWORTH COUNTY,"2,696","2,622",74,2.70%,No
county,January,FINNEY COUNTY,"20,753","20,292",461,2.20%,No
county,January,FORD COUNTY,"16,858","16,431",427,2.50%,No
county,January,FRANKLIN COUNTY,"14,167","13,644",523,3.70%,No
county,January,GEARY COUNTY,"11,275","10,741",534,4.70%,No
county,January,GOVE COUNTY,"1,470","1,435",35,2.40%,No
county,January,GRAHAM COUNTY,"1,080","1,046",34,3.10%,No
county,January,GRANT COUNTY,"3,099","3,020",79,2.50%,No
county,January,GRAY COUNTY,"3,121","3,049",72,2.30%,No
county,January,GREELEY COUNTY,767,752,15,2.00%,No
county,January,GREENWOOD COUNTY,"3,285","3,162",123,3.70%,No
county,January,HAMILTON COUNTY,"1,608","1,578",30,1.90%,No
county,January,HARPER COUNTY,"2,987","2,905",82,2.70%,No
county,January,HARVEY COUNTY,"17,082","16,541",541,3.20%,No
county,January,HASKELL COUNTY,"2,146","2,101",45,2.10%,No
county,January,HODGEMAN COUNTY,974,942,32,3.30%,No
county,January,JACKSON COUNTY,"7,201","6,937",264,3.70%,No
county,January,JEFFERSON COUNTY,"10,126","9,746",380,3.80%,No
county,January,JEWELL COUNTY,"1,247","1,213",34,2.70%,No
county,January,JOHNSON COUNTY,"341,859","332,373","9,486",2.80%,No
county,January,KEARNY COUNTY,"1,994","1,949",45,2.30%,No
county,January,KINGMAN COUNTY,"3,424","3,305",119,3.50%,No
county,January,KIOWA COUNTY,"1,268","1,238",30,2.40%,No
county,January,LABETTE COUNTY,"9,861","9,461",400,4.10%,No
county,January,LANE COUNTY,733,715,18,2.50%,No
county,January,LEAVENWORTH COUNTY,"36,973","35,543","1,430",3.90%,No
county,January,LINCOLN COUNTY,"1,726","1,677",49,2.80%,No
county,January,LINN COUNTY,"4,491","4,190",301,6.70%,No
county,January,LOGAN COUNTY,"1,596","1,562",34,2.10%,No
county,January,LYON COUNTY,"16,610","15,997",613,3.70%,No
county,January,MARION COUNTY,"5,871","5,705",166,2.80%,No
county,January,MARSHALL COUNTY,"5,434","5,274",160,2.90%,No
county,January,MCPHERSON COUNTY,"17,054","16,642",412,2.40%,No
county,January,MEADE COUNTY,"2,049","2,000",49,2.40%,No
county,January,MIAMI COUNTY,"17,755","17,042",713,4.00%,No
county,January,MITCHELL COUNTY,"3,252","3,178",74,2.30%,No
county,January,MONTGOMERY COUNTY,"14,537","13,814",723,5.00%,No
county,January,MORRIS COUNTY,"3,020","2,917",103,3.40%,No
county,January,MORTON COUNTY,"1,103","1,071",32,2.90%,No
county,January,NEMAHA COUNTY,"5,254","5,103",151,2.90%,No
county,January,NEOSHO COUNTY,"6,153","5,864",289,4.70%,No
county,January,NESS COUNTY,"1,312","1,277",35,2.70%,No
county,January,NORTON COUNTY,"2,641","2,587",54,2.00%,No
county,January,OSAGE COUNTY,"7,984","7,646",338,4.20%,No
county,January,OSBORNE COUNTY,"2,051","2,009",42,2.00%,No
county,January,OTTAWA COUNTY,"2,975","2,888",87,2.90%,No
county,January,PAWNEE COUNTY,"2,820","2,721",99,3.50%,No
county,January,PHILLIPS COUNTY,"2,593","2,524",69,2.70%,No
county,January,POTTAWATOMIE COUNTY,"12,306","11,913",393,3.20%,No
county,January,PRATT COUNTY,"4,878","4,738",140,2.90%,No
county,January,RAWLINS COUNTY,"1,462","1,428",34,2.30%,No
county,January,RENO COUNTY,"29,380","28,383",997,3.40%,No
county,January,REPUBLIC COUNTY,"2,169","2,110",59,2.70%,No
county,January,RICE COUNTY,"5,160","5,017",143,2.80%,No
county,January,RILEY COUNTY,"34,731","33,723","1,008",2.90%,No
county,January,ROOKS COUNTY,"2,464","2,382",82,3.30%,No
county,January,RUSH COUNTY,"1,604","1,554",50,3.10%,No
county,January,RUSSELL COUNTY,"3,214","3,115",99,3.10%,No
county,January,SALINE COUNTY,"30,169","29,122","1,047",3.50%,No
county,January,SCOTT COUNTY,"2,783","2,728",55,2.00%,No
county,January,SEDGWICK COUNTY,"253,382","243,656","9,726",3.80%,No
county,January,SEWARD COUNTY,"9,184","8,887",297,3.20%,No
county,January,SHAWNEE COUNTY,"90,603","87,289","3,314",3.70%,No
county,January,SHERIDAN COUNTY,"1,374","1,337",37,2.70%,No
county,January,SHERMAN COUNTY,"2,731","2,654",77,2.80%,No
county,January,SMITH COUNTY,"1,939","1,887",52,2.70%,No
county,January,STAFFORD COUNTY,"2,012","1,948",64,3.20%,No
county,January,STANTON COUNTY,959,929,30,3.10%,No
county,January,STEVENS COUNTY,"2,451","2,379",72,2.90%,No
county,January,SUMNER COUNTY,"10,923","10,552",371,3.40%,No
county,January,THOMAS COUNTY,"4,225","4,128",97,2.30%,No
county,January,TREGO COUNTY,"1,411","1,364",47,3.30%,No
county,January,WABAUNSEE COUNTY,"3,646","3,501",145,4.00%,No
county,January,WALLACE COUNTY,775,753,22,2.80%,No
county,January,WASHINGTON COUNTY,"2,876","2,797",79,2.70%,No
county,January,WICHITA COUNTY,"1,173","1,144",29,2.50%,No
county,January,WILSON COUNTY,"3,945","3,770",175,4.40%,No
county,January,WOODSON COUNTY,"1,545","1,479",66,4.30%,No
county,January,WYANDOTTE COUNTY,"78,141","74,623","3,518",4.50%,No
state,January,Kansas,"1,489,402","1,438,709","50,693",3.40%,No
state,February,Kansas,"1,499,466","1,449,696","49,770",3.30%,No
state,March,Kansas,"1,501,963","1,458,466","43,497",2.90%,No
state,April,Kansas,"1,496,570","1,321,993","174,577",11.70%,No
state,May,Kansas,"1,498,065","1,350,797","147,268",9.80%,Yes
city,January,Dodge City,"13,398","13,065",333,2.50%,No
city,January,Emporia City,"12,382","11,917",465,3.80%,No
city,January,Garden City,"15,084","14,764",320,2.10%,No
city,January,Hutchinson City,"18,643","17,962",681,3.70%,No
city,January,Junction City,"8,550","8,151",399,4.70%,No
city,January,Kansas City,"71,446","68,248","3,198",4.50%,No
city,January,Lawrence City,"53,033","51,367","1,666",3.10%,No
city,January,Leavenworth City,"14,079","13,485",594,4.20%,No
city,January,Leawood City,"17,677","17,230",447,2.50%,No
city,January,Lenexa City,"32,622","31,705",917,2.80%,No
city,January,Manhattan City,"28,816","28,042",774,2.70%,No
city,January,Olathe City,"80,374","78,191","2,183",2.70%,No
city,January,Overland Park City,"110,733","107,756","2,977",2.70%,No
city,January,Salina City,"25,649","24,723",926,3.60%,No
city,January,Shawnee City,"36,914","35,803","1,111",3.00%,No
city,January,Topeka City,"62,731","60,284","2,447",3.90%,No
city,January,Wichita City,"191,247","183,620","7,627",4.00%,No
city,February,Dodge City,"13,484","13,164",320,2.40%,No
city,February,Emporia City,"12,544","12,100",444,3.50%,No
city,February,Garden City,"15,172","14,872",300,2.00%,No
city,February,Hutchinson City,"18,827","18,154",673,3.60%,No
city,February,Junction City,"8,640","8,262",378,4.40%,No
city,February,Kansas City,"71,449","68,285","3,164",4.40%,No
city,February,Lawrence City,"54,006","52,431","1,575",2.90%,No
city,February,Leavenworth City,"14,072","13,497",575,4.10%,No
city,February,Leawood City,"17,688","17,254",434,2.50%,No
city,February,Lenexa City,"32,645","31,750",895,2.70%,No
city,February,Manhattan City,"29,705","28,980",725,2.40%,No
city,February,Olathe City,"80,443","78,301","2,142",2.70%,No
city,February,Overland Park City,"110,792","107,907","2,885",2.60%,No
city,February,Salina City,"25,731","24,837",894,3.50%,No
city,February,Shawnee City,"36,921","35,853","1,068",2.90%,No
city,February,Topeka City,"62,909","60,512","2,397",3.80%,No
city,February,Wichita City,"193,584","185,566","8,018",4.10%,No
city,March,Dodge City,"13,851","13,557",294,2.10%,No
city,March,Emporia City,"13,046","12,681",365,2.80%,No
city,March,Garden City,"15,347","15,068",279,1.80%,No
city,March,Hutchinson City,"19,512","18,916",596,3.10%,No
city,March,Junction City,"8,840","8,462",378,4.30%,No
city,March,Kansas City,"70,450","67,780","2,670",3.80%,No
city,March,Lawrence City,"53,294","51,885","1,409",2.60%,No
city,March,Leavenworth City,"13,902","13,396",506,3.60%,No
city,March,Leawood City,"17,529","17,123",406,2.30%,No
city,March,Lenexa City,"32,338","31,508",830,2.60%,No
city,March,Manhattan City,"29,153","28,536",617,2.10%,No
city,March,Olathe City,"79,577","77,706","1,871",2.40%,No
city,March,Overland Park City,"109,838","107,087","2,751",2.50%,No
city,March,Salina City,"26,366","25,575",791,3.00%,No
city,March,Shawnee City,"36,551","35,581",970,2.70%,No
city,March,Topeka City,"62,814","60,747","2,067",3.30%,No
city,March,Wichita City,"191,926","185,197","6,729",3.50%,No
city,April,Dodge City,"13,079","12,462",617,4.70%,No
city,April,Emporia City,"12,642","11,669",973,7.70%,No
city,April,Garden City,"14,728","13,815",913,6.20%,No
city,April,Hutchinson City,"19,653","17,498","2,155",11.00%,No
city,April,Junction City,"8,698","7,755",943,10.80%,No
city,April,Kansas City,"72,259","61,420","10,839",15.00%,No
city,April,Lawrence City,"53,322","47,012","6,310",11.80%,No
city,April,Leavenworth City,"13,923","12,136","1,787",12.80%,No
city,April,Leawood City,"16,804","15,516","1,288",7.70%,No
city,April,Lenexa City,"32,112","28,552","3,560",11.10%,No
city,April,Manhattan City,"27,697","25,376","2,321",8.40%,No
city,April,Olathe City,"78,449","70,414","8,035",10.20%,No
city,April,Overland Park City,"108,751","97,038","11,713",10.80%,No
city,April,Salina City,"26,328","23,700","2,628",10.00%,No
city,April,Shawnee City,"36,487","32,242","4,245",11.60%,No
city,April,Topeka City,"63,363","55,150","8,213",13.00%,No
city,April,Wichita City,"204,937","165,531","39,406",19.20%,No
city,May,Dodge City,"13,370","12,720",650,4.90%,Yes
city,May,Emporia City,"12,681","11,729",952,7.50%,Yes
city,May,Garden City,"14,876","14,065",811,5.50%,Yes
city,May,Hutchinson City,"19,425","17,687","1,738",8.90%,Yes
city,May,Junction City,"8,726","7,784",942,10.80%,Yes
city,May,Kansas City,"72,739","62,470","10,269",14.10%,Yes
city,May,Lawrence City,"53,394","47,684","5,710",10.70%,Yes
city,May,Leavenworth City,"14,012","12,354","1,658",11.80%,Yes
city,May,Leawood City,"16,946","15,793","1,153",6.80%,Yes
city,May,Lenexa City,"32,253","29,061","3,192",9.90%,Yes
city,May,Manhattan City,"27,766","25,627","2,139",7.70%,Yes
city,May,Olathe City,"78,740","71,671","7,069",9.00%,Yes
city,May,Overland Park City,"109,070","98,770","10,300",9.40%,Yes
city,May,Salina City,"26,395","23,985","2,410",9.10%,Yes
city,May,Shawnee City,"36,537","32,817","3,720",10.20%,Yes
city,May,Topeka City,"62,877","56,074","6,803",10.80%,Yes
city,May,Wichita City,"201,413","170,435","30,978",15.40%,Yes
state,June,Kansas,"1,480,512","1,369,711","110,801",7.50%,Yes
county,June,ALLEN COUNTY,"6,622","6,151",471,7.10%,Yes
county,June,ANDERSON COUNTY,"4,288","4,076",212,4.90%,Yes
county,June,ATCHISON COUNTY,"7,122","6,531",591,8.30%,Yes
county,June,BARBER COUNTY,"2,383","2,286",97,4.10%,Yes
county,June,BARTON COUNTY,"13,959","13,240",719,5.20%,Yes
county,June,BOURBON COUNTY,"6,735","6,288",447,6.60%,Yes
county,June,BROWN COUNTY,"5,475","5,215",260,4.70%,Yes
county,June,BUTLER COUNTY,"32,402","29,677","2,725",8.40%,Yes
county,June,CHASE COUNTY,"1,760","1,673",87,4.90%,Yes
county,June,CHAUTAUQUA COUNTY,"1,569","1,446",123,7.80%,Yes
county,June,CHEROKEE COUNTY,"10,164","9,491",673,6.60%,Yes
county,June,CHEYENNE COUNTY,"1,340","1,310",30,2.20%,Yes
county,June,CLARK COUNTY,"1,066","1,044",22,2.10%,Yes
county,June,CLAY COUNTY,"3,879","3,662",217,5.60%,Yes
county,June,CLOUD COUNTY,"3,857","3,677",180,4.70%,Yes
county,June,COFFEY COUNTY,"3,917","3,675",242,6.20%,Yes
county,June,COMANCHE COUNTY,914,873,41,4.50%,Yes
county,June,COWLEY COUNTY,"16,754","15,294","1,460",8.70%,Yes
county,June,CRAWFORD COUNTY,"19,228","17,945","1,283",6.70%,Yes
county,June,DECATUR COUNTY,"1,264","1,212",52,4.10%,Yes
county,June,DICKINSON COUNTY,"9,038","8,505",533,5.90%,Yes
county,June,DONIPHAN COUNTY,"4,087","3,840",247,6.00%,Yes
county,June,DOUGLAS COUNTY,"61,904","56,756","5,148",8.30%,Yes
county,June,EDWARDS COUNTY,"1,349","1,294",55,4.10%,Yes
county,June,ELK COUNTY,"1,202","1,133",69,5.70%,Yes
county,June,ELLIS COUNTY,"17,186","16,478",708,4.10%,Yes
county,June,ELLSWORTH COUNTY,"2,756","2,661",95,3.40%,Yes
county,June,FINNEY COUNTY,"20,916","20,026",890,4.30%,Yes
county,June,FORD COUNTY,"17,128","16,440",688,4.00%,Yes
county,June,FRANKLIN COUNTY,"14,439","13,474",965,6.70%,Yes
county,June,GEARY COUNTY,"11,393","10,348","1,045",9.20%,Yes
county,June,GOVE COUNTY,"1,525","1,480",45,3.00%,Yes
county,June,GRAHAM COUNTY,"1,150","1,081",69,6.00%,Yes
county,June,GRANT COUNTY,"3,204","3,043",161,5.00%,Yes
county,June,GRAY COUNTY,"3,301","3,228",73,2.20%,Yes
county,June,GREELEY COUNTY,821,805,16,1.90%,Yes
county,June,GREENWOOD COUNTY,"3,314","3,117",197,5.90%,Yes
county,June,HAMILTON COUNTY,"1,625","1,594",31,1.90%,Yes
county,June,HARPER COUNTY,"2,927","2,772",155,5.30%,Yes
county,June,HARVEY COUNTY,"16,665","15,582","1,083",6.50%,Yes
county,June,HASKELL COUNTY,"2,284","2,216",68,3.00%,Yes
county,June,HODGEMAN COUNTY,"1,036","1,006",30,2.90%,Yes
county,June,JACKSON COUNTY,"7,249","6,669",580,8.00%,Yes
county,June,JEFFERSON COUNTY,"9,970","9,383",587,5.90%,Yes
county,June,JEWELL COUNTY,"1,306","1,254",52,4.00%,Yes
county,June,JOHNSON COUNTY,"339,120","315,963","23,157",6.80%,Yes
county,June,KEARNY COUNTY,"2,093","2,025",68,3.20%,Yes
county,June,KINGMAN COUNTY,"3,361","3,168",193,5.70%,Yes
county,June,KIOWA COUNTY,"1,234","1,184",50,4.10%,Yes
county,June,LABETTE COUNTY,"10,051","9,371",680,6.80%,Yes
county,June,LANE COUNTY,778,754,24,3.10%,Yes
county,June,LEAVENWORTH COUNTY,"36,513","33,804","2,709",7.40%,Yes
county,June,LINCOLN COUNTY,"1,712","1,656",56,3.30%,Yes
county,June,LINN COUNTY,"4,388","4,016",372,8.50%,Yes
county,June,LOGAN COUNTY,"1,687","1,644",43,2.50%,Yes
county,June,LYON COUNTY,"17,073","16,132",941,5.50%,Yes
county,June,MARION COUNTY,"6,101","5,818",283,4.60%,Yes
county,June,MARSHALL COUNTY,"5,487","5,290",197,3.60%,Yes
county,June,MCPHERSON COUNTY,"17,454","16,746",708,4.10%,Yes
county,June,MEADE COUNTY,"2,171","2,105",66,3.00%,Yes
county,June,MIAMI COUNTY,"17,274","16,214","1,060",6.10%,Yes
county,June,MITCHELL COUNTY,"3,355","3,252",103,3.10%,Yes
county,June,MONTGOMERY COUNTY,"15,205","13,850","1,355",8.90%,Yes
county,June,MORRIS COUNTY,"3,058","2,918",140,4.60%,Yes
county,June,MORTON COUNTY,"1,098","1,062",36,3.30%,Yes
county,June,NEMAHA COUNTY,"5,279","5,088",191,3.60%,Yes
county,June,NEOSHO COUNTY,"6,224","5,754",470,7.60%,Yes
county,June,NESS COUNTY,"1,365","1,310",55,4.00%,Yes
county,June,NORTON COUNTY,"2,661","2,587",74,2.80%,Yes
county,June,OSAGE COUNTY,"7,829","7,369",460,5.90%,Yes
county,June,OSBORNE COUNTY,"2,031","1,963",68,3.30%,Yes
county,June,OTTAWA COUNTY,"3,054","2,914",140,4.60%,Yes
county,June,PAWNEE COUNTY,"2,841","2,723",118,4.20%,Yes
county,June,PHILLIPS COUNTY,"2,718","2,605",113,4.20%,Yes
county,June,POTTAWATOMIE COUNTY,"11,018","10,329",689,6.30%,Yes
county,June,PRATT COUNTY,"5,035","4,802",233,4.60%,Yes
county,June,RAWLINS COUNTY,"1,530","1,485",45,2.90%,Yes
county,June,RENO COUNTY,"30,887","28,912","1,975",6.40%,Yes
county,June,REPUBLIC COUNTY,"2,277","2,184",93,4.10%,Yes
county,June,RICE COUNTY,"5,408","5,171",237,4.40%,Yes
county,June,RILEY COUNTY,"31,380","28,977","2,403",7.70%,Yes
county,June,ROOKS COUNTY,"2,534","2,405",129,5.10%,Yes
county,June,RUSH COUNTY,"1,612","1,531",81,5.00%,Yes
county,June,RUSSELL COUNTY,"3,311","3,129",182,5.50%,Yes
county,June,SALINE COUNTY,"30,618","28,589","2,029",6.60%,Yes
county,June,SCOTT COUNTY,"2,927","2,838",89,3.00%,Yes
county,June,SEDGWICK COUNTY,"258,159","228,585","29,574",11.50%,Yes
county,June,SEWARD COUNTY,"9,413","8,878",535,5.70%,Yes
county,June,SHAWNEE COUNTY,"90,311","83,591","6,720",7.40%,Yes
county,June,SHERIDAN COUNTY,"1,449","1,412",37,2.60%,Yes
county,June,SHERMAN COUNTY,"2,854","2,745",109,3.80%,Yes
county,June,SMITH COUNTY,"2,026","1,969",57,2.80%,Yes
county,June,STAFFORD COUNTY,"2,035","1,946",89,4.40%,Yes
county,June,STANTON COUNTY,"1,017",990,27,2.70%,Yes
county,June,STEVENS COUNTY,"2,820","2,731",89,3.20%,Yes
county,June,SUMNER COUNTY,"11,124","9,976","1,148",10.30%,Yes
county,June,THOMAS COUNTY,"4,294","4,154",140,3.30%,Yes
county,June,TREGO COUNTY,"1,378","1,325",53,3.80%,Yes
county,June,WABAUNSEE COUNTY,"3,588","3,401",187,5.20%,Yes
county,June,WALLACE COUNTY,"1,005",986,19,1.90%,Yes
county,June,WASHINGTON COUNTY,"3,035","2,951",84,2.80%,Yes
county,June,WICHITA COUNTY,"1,403","1,378",25,1.80%,Yes
county,June,WILSON COUNTY,"4,141","3,808",333,8.00%,Yes
county,June,WOODSON COUNTY,"1,652","1,537",115,7.00%,Yes
county,June,WYANDOTTE COUNTY,"79,087","70,925","8,162",10.30%,Yes
city,June,Dodge City,"13,637","13,072",565,4.10%,Yes
city,June,Emporia City,"12,755","12,017",738,5.80%,Yes
city,June,Garden City,"15,254","14,570",684,4.50%,Yes
city,June,Hutchinson City,"19,729","18,297","1,432",7.30%,Yes
city,June,Junction City,"8,670","7,853",817,9.40%,Yes
city,June,Kansas City,"72,421","64,866","7,555",10.40%,Yes
city,June,Lawrence City,"50,003","45,727","4,276",8.60%,Yes
city,June,Leavenworth City,"14,051","12,825","1,226",8.70%,Yes
city,June,Leawood City,"17,326","16,379",947,5.50%,Yes
city,June,Lenexa City,"32,455","30,140","2,315",7.10%,Yes
city,June,Manhattan City,"26,010","24,095","1,915",7.40%,Yes
city,June,Olathe City,"79,568","74,331","5,237",6.60%,Yes
city,June,Overland Park City,"110,178","102,436","7,742",7.00%,Yes
city,June,Salina City,"26,076","24,270","1,806",6.90%,Yes
city,June,Shawnee City,"36,614","34,035","2,579",7.00%,Yes
city,June,Topeka City,"62,885","57,730","5,155",8.20%,Yes
city,June,Wichita City,"195,944","172,262","23,682",12.10%,Yes