"","state","state_fips","state_short","county","county_fips","date","week","claims"
"1","Alabama","01","AL","Autauga",1001,2020-05-30,22,195
"2","Alabama","01","AL","Baldwin",1003,2020-05-30,22,590
"3","Alabama","01","AL","Barbour",1005,2020-05-30,22,127
"4","Alabama","01","AL","Bibb",1007,2020-05-30,22,123
"5","Alabama","01","AL","Blount",1009,2020-05-30,22,116
"6","Alabama","01","AL","Bullock",1011,2020-05-30,22,56
"7","Alabama","01","AL","Butler",1013,2020-05-30,22,142
"8","Alabama","01","AL","Calhoun",1015,2020-05-30,22,467
"9","Alabama","01","AL","Chambers",1017,2020-05-30,22,174
"10","Alabama","01","AL","Cherokee",1019,2020-05-30,22,52
"11","Alabama","01","AL","Chilton",1021,2020-05-30,22,137
"12","Alabama","01","AL","Choctaw",1023,2020-05-30,22,42
"13","Alabama","01","AL","Clarke",1025,2020-05-30,22,121
"14","Alabama","01","AL","Clay",1027,2020-05-30,22,35
"15","Alabama","01","AL","Cleburne",1029,2020-05-30,22,20
"16","Alabama","01","AL","Coffee",1031,2020-05-30,22,163
"17","Alabama","01","AL","Colbert",1033,2020-05-30,22,183
"18","Alabama","01","AL","Conecuh",1035,2020-05-30,22,75
"19","Alabama","01","AL","Coosa",1037,2020-05-30,22,34
"20","Alabama","01","AL","Covington",1039,2020-05-30,22,101
"21","Alabama","01","AL","Crenshaw",1041,2020-05-30,22,54
"22","Alabama","01","AL","Cullman",1043,2020-05-30,22,229
"23","Alabama","01","AL","Dale",1045,2020-05-30,22,142
"24","Alabama","01","AL","Dallas",1047,2020-05-30,22,232
"25","Alabama","01","AL","DeKalb",1049,2020-05-30,22,167
"26","Alabama","01","AL","Elmore",1051,2020-05-30,22,321
"27","Alabama","01","AL","Escambia",1053,2020-05-30,22,188
"28","Alabama","01","AL","Etowah",1055,2020-05-30,22,376
"29","Alabama","01","AL","Fayette",1057,2020-05-30,22,50
"30","Alabama","01","AL","Franklin",1059,2020-05-30,22,94
"31","Alabama","01","AL","Geneva",1061,2020-05-30,22,56
"32","Alabama","01","AL","Greene",1063,2020-05-30,22,53
"33","Alabama","01","AL","Hale",1065,2020-05-30,22,144
"34","Alabama","01","AL","Henry",1067,2020-05-30,22,52
"35","Alabama","01","AL","Houston",1069,2020-05-30,22,386
"36","Alabama","01","AL","Jackson",1071,2020-05-30,22,158
"37","Alabama","01","AL","Jefferson",1073,2020-05-30,22,3302
"38","Alabama","01","AL","Lamar",1075,2020-05-30,22,74
"39","Alabama","01","AL","Lauderdale",1077,2020-05-30,22,265
"40","Alabama","01","AL","Lawrence",1079,2020-05-30,22,68
"41","Alabama","01","AL","Lee",1081,2020-05-30,22,531
"42","Alabama","01","AL","Limestone",1083,2020-05-30,22,159
"43","Alabama","01","AL","Lowndes",1085,2020-05-30,22,50
"44","Alabama","01","AL","Macon",1087,2020-05-30,22,119
"45","Alabama","01","AL","Madison",1089,2020-05-30,22,1261
"46","Alabama","01","AL","Marengo",1091,2020-05-30,22,73
"47","Alabama","01","AL","Marion",1093,2020-05-30,22,110
"48","Alabama","01","AL","Marshall",1095,2020-05-30,22,323
"49","Alabama","01","AL","Mobile",1097,2020-05-30,22,2433
"50","Alabama","01","AL","Monroe",1099,2020-05-30,22,117
"51","Alabama","01","AL","Montgomery",1101,2020-05-30,22,1479
"52","Alabama","01","AL","Morgan",1103,2020-05-30,22,436
"53","Alabama","01","AL","Perry",1105,2020-05-30,22,62
"54","Alabama","01","AL","Pickens",1107,2020-05-30,22,118
"55","Alabama","01","AL","Pike",1109,2020-05-30,22,142
"56","Alabama","01","AL","Randolph",1111,2020-05-30,22,62
"57","Alabama","01","AL","Russell",1113,2020-05-30,22,219
"58","Alabama","01","AL","St. Clair",1115,2020-05-30,22,257
"59","Alabama","01","AL","Shelby",1117,2020-05-30,22,449
"60","Alabama","01","AL","Sumter",1119,2020-05-30,22,57
"61","Alabama","01","AL","Talladega",1121,2020-05-30,22,341
"62","Alabama","01","AL","Tallapoosa",1123,2020-05-30,22,173
"63","Alabama","01","AL","Tuscaloosa",1125,2020-05-30,22,1386
"64","Alabama","01","AL","Walker",1127,2020-05-30,22,267
"65","Alabama","01","AL","Washington",1129,2020-05-30,22,88
"66","Alabama","01","AL","Wilcox",1131,2020-05-30,22,73
"67","Alabama","01","AL","Winston",1133,2020-05-30,22,82
"68","Alabama","01","AL","Autauga",1001,2020-05-23,21,299
"69","Alabama","01","AL","Baldwin",1003,2020-05-23,21,755
"70","Alabama","01","AL","Barbour",1005,2020-05-23,21,106
"71","Alabama","01","AL","Bibb",1007,2020-05-23,21,217
"72","Alabama","01","AL","Blount",1009,2020-05-23,21,174
"73","Alabama","01","AL","Bullock",1011,2020-05-23,21,61
"74","Alabama","01","AL","Butler",1013,2020-05-23,21,150
"75","Alabama","01","AL","Calhoun",1015,2020-05-23,21,639
"76","Alabama","01","AL","Chambers",1017,2020-05-23,21,219
"77","Alabama","01","AL","Cherokee",1019,2020-05-23,21,61
"78","Alabama","01","AL","Chilton",1021,2020-05-23,21,193
"79","Alabama","01","AL","Choctaw",1023,2020-05-23,21,51
"80","Alabama","01","AL","Clarke",1025,2020-05-23,21,129
"81","Alabama","01","AL","Clay",1027,2020-05-23,21,38
"82","Alabama","01","AL","Cleburne",1029,2020-05-23,21,39
"83","Alabama","01","AL","Coffee",1031,2020-05-23,21,178
"84","Alabama","01","AL","Colbert",1033,2020-05-23,21,206
"85","Alabama","01","AL","Conecuh",1035,2020-05-23,21,65
"86","Alabama","01","AL","Coosa",1037,2020-05-23,21,29
"87","Alabama","01","AL","Covington",1039,2020-05-23,21,133
"88","Alabama","01","AL","Crenshaw",1041,2020-05-23,21,55
"89","Alabama","01","AL","Cullman",1043,2020-05-23,21,292
"90","Alabama","01","AL","Dale",1045,2020-05-23,21,182
"91","Alabama","01","AL","Dallas",1047,2020-05-23,21,329
"92","Alabama","01","AL","DeKalb",1049,2020-05-23,21,253
"93","Alabama","01","AL","Elmore",1051,2020-05-23,21,395
"94","Alabama","01","AL","Escambia",1053,2020-05-23,21,207
"95","Alabama","01","AL","Etowah",1055,2020-05-23,21,542
"96","Alabama","01","AL","Fayette",1057,2020-05-23,21,89
"97","Alabama","01","AL","Franklin",1059,2020-05-23,21,125
"98","Alabama","01","AL","Geneva",1061,2020-05-23,21,81
"99","Alabama","01","AL","Greene",1063,2020-05-23,21,84
"100","Alabama","01","AL","Hale",1065,2020-05-23,21,208
"101","Alabama","01","AL","Henry",1067,2020-05-23,21,60
"102","Alabama","01","AL","Houston",1069,2020-05-23,21,503
"103","Alabama","01","AL","Jackson",1071,2020-05-23,21,171
"104","Alabama","01","AL","Jefferson",1073,2020-05-23,21,4221
"105","Alabama","01","AL","Lamar",1075,2020-05-23,21,118
"106","Alabama","01","AL","Lauderdale",1077,2020-05-23,21,295
"107","Alabama","01","AL","Lawrence",1079,2020-05-23,21,103
"108","Alabama","01","AL","Lee",1081,2020-05-23,21,606
"109","Alabama","01","AL","Limestone",1083,2020-05-23,21,229
"110","Alabama","01","AL","Lowndes",1085,2020-05-23,21,80
"111","Alabama","01","AL","Macon",1087,2020-05-23,21,120
"112","Alabama","01","AL","Madison",1089,2020-05-23,21,1564
"113","Alabama","01","AL","Marengo",1091,2020-05-23,21,91
"114","Alabama","01","AL","Marion",1093,2020-05-23,21,144
"115","Alabama","01","AL","Marshall",1095,2020-05-23,21,569
"116","Alabama","01","AL","Mobile",1097,2020-05-23,21,3167
"117","Alabama","01","AL","Monroe",1099,2020-05-23,21,127
"118","Alabama","01","AL","Montgomery",1101,2020-05-23,21,1891
"119","Alabama","01","AL","Morgan",1103,2020-05-23,21,516
"120","Alabama","01","AL","Perry",1105,2020-05-23,21,99
"121","Alabama","01","AL","Pickens",1107,2020-05-23,21,155
"122","Alabama","01","AL","Pike",1109,2020-05-23,21,164
"123","Alabama","01","AL","Randolph",1111,2020-05-23,21,77
"124","Alabama","01","AL","Russell",1113,2020-05-23,21,264
"125","Alabama","01","AL","St. Clair",1115,2020-05-23,21,361
"126","Alabama","01","AL","Shelby",1117,2020-05-23,21,583
"127","Alabama","01","AL","Sumter",1119,2020-05-23,21,81
"128","Alabama","01","AL","Talladega",1121,2020-05-23,21,431
"129","Alabama","01","AL","Tallapoosa",1123,2020-05-23,21,185
"130","Alabama","01","AL","Tuscaloosa",1125,2020-05-23,21,2272
"131","Alabama","01","AL","Walker",1127,2020-05-23,21,312
"132","Alabama","01","AL","Washington",1129,2020-05-23,21,114
"133","Alabama","01","AL","Wilcox",1131,2020-05-23,21,62
"134","Alabama","01","AL","Winston",1133,2020-05-23,21,159
"135","Alabama","01","AL","Autauga",1001,2020-05-16,20,266
"136","Alabama","01","AL","Baldwin",1003,2020-05-16,20,811
"137","Alabama","01","AL","Barbour",1005,2020-05-16,20,110
"138","Alabama","01","AL","Bibb",1007,2020-05-16,20,134
"139","Alabama","01","AL","Blount",1009,2020-05-16,20,160
"140","Alabama","01","AL","Bullock",1011,2020-05-16,20,48
"141","Alabama","01","AL","Butler",1013,2020-05-16,20,119
"142","Alabama","01","AL","Calhoun",1015,2020-05-16,20,569
"143","Alabama","01","AL","Chambers",1017,2020-05-16,20,201
"144","Alabama","01","AL","Cherokee",1019,2020-05-16,20,54
"145","Alabama","01","AL","Chilton",1021,2020-05-16,20,169
"146","Alabama","01","AL","Choctaw",1023,2020-05-16,20,58
"147","Alabama","01","AL","Clarke",1025,2020-05-16,20,132
"148","Alabama","01","AL","Clay",1027,2020-05-16,20,26
"149","Alabama","01","AL","Cleburne",1029,2020-05-16,20,21
"150","Alabama","01","AL","Coffee",1031,2020-05-16,20,154
"151","Alabama","01","AL","Colbert",1033,2020-05-16,20,239
"152","Alabama","01","AL","Conecuh",1035,2020-05-16,20,65
"153","Alabama","01","AL","Coosa",1037,2020-05-16,20,44
"154","Alabama","01","AL","Covington",1039,2020-05-16,20,143
"155","Alabama","01","AL","Crenshaw",1041,2020-05-16,20,43
"156","Alabama","01","AL","Cullman",1043,2020-05-16,20,285
"157","Alabama","01","AL","Dale",1045,2020-05-16,20,193
"158","Alabama","01","AL","Dallas",1047,2020-05-16,20,291
"159","Alabama","01","AL","DeKalb",1049,2020-05-16,20,226
"160","Alabama","01","AL","Elmore",1051,2020-05-16,20,364
"161","Alabama","01","AL","Escambia",1053,2020-05-16,20,142
"162","Alabama","01","AL","Etowah",1055,2020-05-16,20,462
"163","Alabama","01","AL","Fayette",1057,2020-05-16,20,42
"164","Alabama","01","AL","Franklin",1059,2020-05-16,20,120
"165","Alabama","01","AL","Geneva",1061,2020-05-16,20,67
"166","Alabama","01","AL","Greene",1063,2020-05-16,20,72
"167","Alabama","01","AL","Hale",1065,2020-05-16,20,147
"168","Alabama","01","AL","Henry",1067,2020-05-16,20,55
"169","Alabama","01","AL","Houston",1069,2020-05-16,20,449
"170","Alabama","01","AL","Jackson",1071,2020-05-16,20,168
"171","Alabama","01","AL","Jefferson",1073,2020-05-16,20,3715
"172","Alabama","01","AL","Lamar",1075,2020-05-16,20,43
"173","Alabama","01","AL","Lauderdale",1077,2020-05-16,20,417
"174","Alabama","01","AL","Lawrence",1079,2020-05-16,20,103
"175","Alabama","01","AL","Lee",1081,2020-05-16,20,611
"176","Alabama","01","AL","Limestone",1083,2020-05-16,20,295
"177","Alabama","01","AL","Lowndes",1085,2020-05-16,20,72
"178","Alabama","01","AL","Macon",1087,2020-05-16,20,99
"179","Alabama","01","AL","Madison",1089,2020-05-16,20,1606
"180","Alabama","01","AL","Marengo",1091,2020-05-16,20,71
"181","Alabama","01","AL","Marion",1093,2020-05-16,20,141
"182","Alabama","01","AL","Marshall",1095,2020-05-16,20,348
"183","Alabama","01","AL","Mobile",1097,2020-05-16,20,3000
"184","Alabama","01","AL","Monroe",1099,2020-05-16,20,101
"185","Alabama","01","AL","Montgomery",1101,2020-05-16,20,1596
"186","Alabama","01","AL","Morgan",1103,2020-05-16,20,495
"187","Alabama","01","AL","Perry",1105,2020-05-16,20,70
"188","Alabama","01","AL","Pickens",1107,2020-05-16,20,96
"189","Alabama","01","AL","Pike",1109,2020-05-16,20,139
"190","Alabama","01","AL","Randolph",1111,2020-05-16,20,73
"191","Alabama","01","AL","Russell",1113,2020-05-16,20,224
"192","Alabama","01","AL","St. Clair",1115,2020-05-16,20,315
"193","Alabama","01","AL","Shelby",1117,2020-05-16,20,508
"194","Alabama","01","AL","Sumter",1119,2020-05-16,20,68
"195","Alabama","01","AL","Talladega",1121,2020-05-16,20,397
"196","Alabama","01","AL","Tallapoosa",1123,2020-05-16,20,174
"197","Alabama","01","AL","Tuscaloosa",1125,2020-05-16,20,1587
"198","Alabama","01","AL","Walker",1127,2020-05-16,20,270
"199","Alabama","01","AL","Washington",1129,2020-05-16,20,125
"200","Alabama","01","AL","Wilcox",1131,2020-05-16,20,79
"201","Alabama","01","AL","Winston",1133,2020-05-16,20,129
"202","Alabama","01","AL","Autauga",1001,2020-05-09,19,265
"203","Alabama","01","AL","Baldwin",1003,2020-05-09,19,922
"204","Alabama","01","AL","Barbour",1005,2020-05-09,19,119
"205","Alabama","01","AL","Bibb",1007,2020-05-09,19,105
"206","Alabama","01","AL","Blount",1009,2020-05-09,19,137
"207","Alabama","01","AL","Bullock",1011,2020-05-09,19,53
"208","Alabama","01","AL","Butler",1013,2020-05-09,19,128
"209","Alabama","01","AL","Calhoun",1015,2020-05-09,19,606
"210","Alabama","01","AL","Chambers",1017,2020-05-09,19,228
"211","Alabama","01","AL","Cherokee",1019,2020-05-09,19,51
"212","Alabama","01","AL","Chilton",1021,2020-05-09,19,169
"213","Alabama","01","AL","Choctaw",1023,2020-05-09,19,56
"214","Alabama","01","AL","Clarke",1025,2020-05-09,19,172
"215","Alabama","01","AL","Clay",1027,2020-05-09,19,29
"216","Alabama","01","AL","Cleburne",1029,2020-05-09,19,27
"217","Alabama","01","AL","Coffee",1031,2020-05-09,19,190
"218","Alabama","01","AL","Colbert",1033,2020-05-09,19,247
"219","Alabama","01","AL","Conecuh",1035,2020-05-09,19,54
"220","Alabama","01","AL","Coosa",1037,2020-05-09,19,43
"221","Alabama","01","AL","Covington",1039,2020-05-09,19,144
"222","Alabama","01","AL","Crenshaw",1041,2020-05-09,19,73
"223","Alabama","01","AL","Cullman",1043,2020-05-09,19,341
"224","Alabama","01","AL","Dale",1045,2020-05-09,19,172
"225","Alabama","01","AL","Dallas",1047,2020-05-09,19,320
"226","Alabama","01","AL","DeKalb",1049,2020-05-09,19,218
"227","Alabama","01","AL","Elmore",1051,2020-05-09,19,351
"228","Alabama","01","AL","Escambia",1053,2020-05-09,19,176
"229","Alabama","01","AL","Etowah",1055,2020-05-09,19,500
"230","Alabama","01","AL","Fayette",1057,2020-05-09,19,85
"231","Alabama","01","AL","Franklin",1059,2020-05-09,19,124
"232","Alabama","01","AL","Geneva",1061,2020-05-09,19,76
"233","Alabama","01","AL","Greene",1063,2020-05-09,19,49
"234","Alabama","01","AL","Hale",1065,2020-05-09,19,114
"235","Alabama","01","AL","Henry",1067,2020-05-09,19,43
"236","Alabama","01","AL","Houston",1069,2020-05-09,19,497
"237","Alabama","01","AL","Jackson",1071,2020-05-09,19,251
"238","Alabama","01","AL","Jefferson",1073,2020-05-09,19,3920
"239","Alabama","01","AL","Lamar",1075,2020-05-09,19,42
"240","Alabama","01","AL","Lauderdale",1077,2020-05-09,19,337
"241","Alabama","01","AL","Lawrence",1079,2020-05-09,19,113
"242","Alabama","01","AL","Lee",1081,2020-05-09,19,652
"243","Alabama","01","AL","Limestone",1083,2020-05-09,19,352
"244","Alabama","01","AL","Lowndes",1085,2020-05-09,19,76
"245","Alabama","01","AL","Macon",1087,2020-05-09,19,107
"246","Alabama","01","AL","Madison",1089,2020-05-09,19,1916
"247","Alabama","01","AL","Marengo",1091,2020-05-09,19,76
"248","Alabama","01","AL","Marion",1093,2020-05-09,19,135
"249","Alabama","01","AL","Marshall",1095,2020-05-09,19,404
"250","Alabama","01","AL","Mobile",1097,2020-05-09,19,3043
"251","Alabama","01","AL","Monroe",1099,2020-05-09,19,95
"252","Alabama","01","AL","Montgomery",1101,2020-05-09,19,1725
"253","Alabama","01","AL","Morgan",1103,2020-05-09,19,612
"254","Alabama","01","AL","Perry",1105,2020-05-09,19,47
"255","Alabama","01","AL","Pickens",1107,2020-05-09,19,87
"256","Alabama","01","AL","Pike",1109,2020-05-09,19,137
"257","Alabama","01","AL","Randolph",1111,2020-05-09,19,60
"258","Alabama","01","AL","Russell",1113,2020-05-09,19,189
"259","Alabama","01","AL","St. Clair",1115,2020-05-09,19,332
"260","Alabama","01","AL","Shelby",1117,2020-05-09,19,611
"261","Alabama","01","AL","Sumter",1119,2020-05-09,19,59
"262","Alabama","01","AL","Talladega",1121,2020-05-09,19,401
"263","Alabama","01","AL","Tallapoosa",1123,2020-05-09,19,157
"264","Alabama","01","AL","Tuscaloosa",1125,2020-05-09,19,1319
"265","Alabama","01","AL","Walker",1127,2020-05-09,19,262
"266","Alabama","01","AL","Washington",1129,2020-05-09,19,154
"267","Alabama","01","AL","Wilcox",1131,2020-05-09,19,79
"268","Alabama","01","AL","Winston",1133,2020-05-09,19,147
"269","Alabama","01","AL","Autauga",1001,2020-04-25,17,736
"270","Alabama","01","AL","Baldwin",1003,2020-04-25,17,4099
"271","Alabama","01","AL","Barbour",1005,2020-04-25,17,208
"272","Alabama","01","AL","Bibb",1007,2020-04-25,17,312
"273","Alabama","01","AL","Blount",1009,2020-04-25,17,491
"274","Alabama","01","AL","Bullock",1011,2020-04-25,17,101
"275","Alabama","01","AL","Butler",1013,2020-04-25,17,262
"276","Alabama","01","AL","Calhoun",1015,2020-04-25,17,2293
"277","Alabama","01","AL","Chambers",1017,2020-04-25,17,481
"278","Alabama","01","AL","Cherokee",1019,2020-04-25,17,235
"279","Alabama","01","AL","Chilton",1021,2020-04-25,17,529
"280","Alabama","01","AL","Choctaw",1023,2020-04-25,17,123
"281","Alabama","01","AL","Clarke",1025,2020-04-25,17,290
"282","Alabama","01","AL","Clay",1027,2020-04-25,17,128
"283","Alabama","01","AL","Cleburne",1029,2020-04-25,17,154
"284","Alabama","01","AL","Coffee",1031,2020-04-25,17,629
"285","Alabama","01","AL","Colbert",1033,2020-04-25,17,774
"286","Alabama","01","AL","Conecuh",1035,2020-04-25,17,112
"287","Alabama","01","AL","Coosa",1037,2020-04-25,17,128
"288","Alabama","01","AL","Covington",1039,2020-04-25,17,372
"289","Alabama","01","AL","Crenshaw",1041,2020-04-25,17,130
"290","Alabama","01","AL","Cullman",1043,2020-04-25,17,1079
"291","Alabama","01","AL","Dale",1045,2020-04-25,17,476
"292","Alabama","01","AL","Dallas",1047,2020-04-25,17,617
"293","Alabama","01","AL","DeKalb",1049,2020-04-25,17,827
"294","Alabama","01","AL","Elmore",1051,2020-04-25,17,1065
"295","Alabama","01","AL","Escambia",1053,2020-04-25,17,393
"296","Alabama","01","AL","Etowah",1055,2020-04-25,17,1621
"297","Alabama","01","AL","Fayette",1057,2020-04-25,17,152
"298","Alabama","01","AL","Franklin",1059,2020-04-25,17,341
"299","Alabama","01","AL","Geneva",1061,2020-04-25,17,257
"300","Alabama","01","AL","Greene",1063,2020-04-25,17,132
"301","Alabama","01","AL","Hale",1065,2020-04-25,17,262
"302","Alabama","01","AL","Henry",1067,2020-04-25,17,149
"303","Alabama","01","AL","Houston",1069,2020-04-25,17,1366
"304","Alabama","01","AL","Jackson",1071,2020-04-25,17,666
"305","Alabama","01","AL","Jefferson",1073,2020-04-25,17,11878
"306","Alabama","01","AL","Lamar",1075,2020-04-25,17,108
"307","Alabama","01","AL","Lauderdale",1077,2020-04-25,17,1294
"308","Alabama","01","AL","Lawrence",1079,2020-04-25,17,309
"309","Alabama","01","AL","Lee",1081,2020-04-25,17,1840
"310","Alabama","01","AL","Limestone",1083,2020-04-25,17,887
"311","Alabama","01","AL","Lowndes",1085,2020-04-25,17,164
"312","Alabama","01","AL","Macon",1087,2020-04-25,17,253
"313","Alabama","01","AL","Madison",1089,2020-04-25,17,5615
"314","Alabama","01","AL","Marengo",1091,2020-04-25,17,140
"315","Alabama","01","AL","Marion",1093,2020-04-25,17,341
"316","Alabama","01","AL","Marshall",1095,2020-04-25,17,1571
"317","Alabama","01","AL","Mobile",1097,2020-04-25,17,8257
"318","Alabama","01","AL","Monroe",1099,2020-04-25,17,246
"319","Alabama","01","AL","Montgomery",1101,2020-04-25,17,3859
"320","Alabama","01","AL","Morgan",1103,2020-04-25,17,1713
"321","Alabama","01","AL","Perry",1105,2020-04-25,17,115
"322","Alabama","01","AL","Pickens",1107,2020-04-25,17,192
"323","Alabama","01","AL","Pike",1109,2020-04-25,17,342
"324","Alabama","01","AL","Randolph",1111,2020-04-25,17,187
"325","Alabama","01","AL","Russell",1113,2020-04-25,17,591
"326","Alabama","01","AL","St. Clair",1115,2020-04-25,17,1372
"327","Alabama","01","AL","Shelby",1117,2020-04-25,17,2192
"328","Alabama","01","AL","Sumter",1119,2020-04-25,17,132
"329","Alabama","01","AL","Talladega",1121,2020-04-25,17,1291
"330","Alabama","01","AL","Tallapoosa",1123,2020-04-25,17,466
"331","Alabama","01","AL","Tuscaloosa",1125,2020-04-25,17,3429
"332","Alabama","01","AL","Walker",1127,2020-04-25,17,887
"333","Alabama","01","AL","Washington",1129,2020-04-25,17,262
"334","Alabama","01","AL","Wilcox",1131,2020-04-25,17,129
"335","Alabama","01","AL","Winston",1133,2020-04-25,17,269
"336","Alabama","01","AL","Autauga",1001,2020-04-18,16,675
"337","Alabama","01","AL","Baldwin",1003,2020-04-18,16,3221
"338","Alabama","01","AL","Barbour",1005,2020-04-18,16,158
"339","Alabama","01","AL","Bibb",1007,2020-04-18,16,292
"340","Alabama","01","AL","Blount",1009,2020-04-18,16,366
"341","Alabama","01","AL","Bullock",1011,2020-04-18,16,64
"342","Alabama","01","AL","Butler",1013,2020-04-18,16,354
"343","Alabama","01","AL","Calhoun",1015,2020-04-18,16,2436
"344","Alabama","01","AL","Chambers",1017,2020-04-18,16,487
"345","Alabama","01","AL","Cherokee",1019,2020-04-18,16,209
"346","Alabama","01","AL","Chilton",1021,2020-04-18,16,412
"347","Alabama","01","AL","Choctaw",1023,2020-04-18,16,74
"348","Alabama","01","AL","Clarke",1025,2020-04-18,16,268
"349","Alabama","01","AL","Clay",1027,2020-04-18,16,124
"350","Alabama","01","AL","Cleburne",1029,2020-04-18,16,139
"351","Alabama","01","AL","Coffee",1031,2020-04-18,16,446
"352","Alabama","01","AL","Colbert",1033,2020-04-18,16,700
"353","Alabama","01","AL","Conecuh",1035,2020-04-18,16,122
"354","Alabama","01","AL","Coosa",1037,2020-04-18,16,149
"355","Alabama","01","AL","Covington",1039,2020-04-18,16,448
"356","Alabama","01","AL","Crenshaw",1041,2020-04-18,16,162
"357","Alabama","01","AL","Cullman",1043,2020-04-18,16,890
"358","Alabama","01","AL","Dale",1045,2020-04-18,16,471
"359","Alabama","01","AL","Dallas",1047,2020-04-18,16,612
"360","Alabama","01","AL","DeKalb",1049,2020-04-18,16,660
"361","Alabama","01","AL","Elmore",1051,2020-04-18,16,1033
"362","Alabama","01","AL","Escambia",1053,2020-04-18,16,303
"363","Alabama","01","AL","Etowah",1055,2020-04-18,16,1661
"364","Alabama","01","AL","Fayette",1057,2020-04-18,16,131
"365","Alabama","01","AL","Franklin",1059,2020-04-18,16,275
"366","Alabama","01","AL","Geneva",1061,2020-04-18,16,181
"367","Alabama","01","AL","Greene",1063,2020-04-18,16,119
"368","Alabama","01","AL","Hale",1065,2020-04-18,16,277
"369","Alabama","01","AL","Henry",1067,2020-04-18,16,127
"370","Alabama","01","AL","Houston",1069,2020-04-18,16,1100
"371","Alabama","01","AL","Jackson",1071,2020-04-18,16,698
"372","Alabama","01","AL","Jefferson",1073,2020-04-18,16,9611
"373","Alabama","01","AL","Lamar",1075,2020-04-18,16,102
"374","Alabama","01","AL","Lauderdale",1077,2020-04-18,16,1115
"375","Alabama","01","AL","Lawrence",1079,2020-04-18,16,239
"376","Alabama","01","AL","Lee",1081,2020-04-18,16,1771
"377","Alabama","01","AL","Limestone",1083,2020-04-18,16,816
"378","Alabama","01","AL","Lowndes",1085,2020-04-18,16,158
"379","Alabama","01","AL","Macon",1087,2020-04-18,16,229
"380","Alabama","01","AL","Madison",1089,2020-04-18,16,4528
"381","Alabama","01","AL","Marengo",1091,2020-04-18,16,167
"382","Alabama","01","AL","Marion",1093,2020-04-18,16,252
"383","Alabama","01","AL","Marshall",1095,2020-04-18,16,1183
"384","Alabama","01","AL","Mobile",1097,2020-04-18,16,6708
"385","Alabama","01","AL","Monroe",1099,2020-04-18,16,251
"386","Alabama","01","AL","Montgomery",1101,2020-04-18,16,3479
"387","Alabama","01","AL","Morgan",1103,2020-04-18,16,1372
"388","Alabama","01","AL","Perry",1105,2020-04-18,16,101
"389","Alabama","01","AL","Pickens",1107,2020-04-18,16,162
"390","Alabama","01","AL","Pike",1109,2020-04-18,16,261
"391","Alabama","01","AL","Randolph",1111,2020-04-18,16,245
"392","Alabama","01","AL","Russell",1113,2020-04-18,16,392
"393","Alabama","01","AL","St. Clair",1115,2020-04-18,16,1303
"394","Alabama","01","AL","Shelby",1117,2020-04-18,16,1832
"395","Alabama","01","AL","Sumter",1119,2020-04-18,16,110
"396","Alabama","01","AL","Talladega",1121,2020-04-18,16,1866
"397","Alabama","01","AL","Tallapoosa",1123,2020-04-18,16,628
"398","Alabama","01","AL","Tuscaloosa",1125,2020-04-18,16,3033
"399","Alabama","01","AL","Walker",1127,2020-04-18,16,724
"400","Alabama","01","AL","Washington",1129,2020-04-18,16,158
"401","Alabama","01","AL","Wilcox",1131,2020-04-18,16,133
"402","Alabama","01","AL","Winston",1133,2020-04-18,16,217
"403","Alabama","01","AL","Autauga",1001,2020-04-11,15,812
"404","Alabama","01","AL","Baldwin",1003,2020-04-11,15,3750
"405","Alabama","01","AL","Barbour",1005,2020-04-11,15,214
"406","Alabama","01","AL","Bibb",1007,2020-04-11,15,338
"407","Alabama","01","AL","Blount",1009,2020-04-11,15,488
"408","Alabama","01","AL","Bullock",1011,2020-04-11,15,92
"409","Alabama","01","AL","Butler",1013,2020-04-11,15,453
"410","Alabama","01","AL","Calhoun",1015,2020-04-11,15,2745
"411","Alabama","01","AL","Chambers",1017,2020-04-11,15,598
"412","Alabama","01","AL","Cherokee",1019,2020-04-11,15,222
"413","Alabama","01","AL","Chilton",1021,2020-04-11,15,500
"414","Alabama","01","AL","Choctaw",1023,2020-04-11,15,91
"415","Alabama","01","AL","Clarke",1025,2020-04-11,15,333
"416","Alabama","01","AL","Clay",1027,2020-04-11,15,123
"417","Alabama","01","AL","Cleburne",1029,2020-04-11,15,151
"418","Alabama","01","AL","Coffee",1031,2020-04-11,15,635
"419","Alabama","01","AL","Colbert",1033,2020-04-11,15,894
"420","Alabama","01","AL","Conecuh",1035,2020-04-11,15,177
"421","Alabama","01","AL","Coosa",1037,2020-04-11,15,147
"422","Alabama","01","AL","Covington",1039,2020-04-11,15,448
"423","Alabama","01","AL","Crenshaw",1041,2020-04-11,15,193
"424","Alabama","01","AL","Cullman",1043,2020-04-11,15,1184
"425","Alabama","01","AL","Dale",1045,2020-04-11,15,467
"426","Alabama","01","AL","Dallas",1047,2020-04-11,15,760
"427","Alabama","01","AL","DeKalb",1049,2020-04-11,15,803
"428","Alabama","01","AL","Elmore",1051,2020-04-11,15,1113
"429","Alabama","01","AL","Escambia",1053,2020-04-11,15,423
"430","Alabama","01","AL","Etowah",1055,2020-04-11,15,1885
"431","Alabama","01","AL","Fayette",1057,2020-04-11,15,174
"432","Alabama","01","AL","Franklin",1059,2020-04-11,15,354
"433","Alabama","01","AL","Geneva",1061,2020-04-11,15,246
"434","Alabama","01","AL","Greene",1063,2020-04-11,15,117
"435","Alabama","01","AL","Hale",1065,2020-04-11,15,361
"436","Alabama","01","AL","Henry",1067,2020-04-11,15,160
"437","Alabama","01","AL","Houston",1069,2020-04-11,15,1265
"438","Alabama","01","AL","Jackson",1071,2020-04-11,15,630
"439","Alabama","01","AL","Jefferson",1073,2020-04-11,15,10709
"440","Alabama","01","AL","Lamar",1075,2020-04-11,15,114
"441","Alabama","01","AL","Lauderdale",1077,2020-04-11,15,1525
"442","Alabama","01","AL","Lawrence",1079,2020-04-11,15,339
"443","Alabama","01","AL","Lee",1081,2020-04-11,15,1916
"444","Alabama","01","AL","Limestone",1083,2020-04-11,15,1082
"445","Alabama","01","AL","Lowndes",1085,2020-04-11,15,233
"446","Alabama","01","AL","Macon",1087,2020-04-11,15,277
"447","Alabama","01","AL","Madison",1089,2020-04-11,15,5501
"448","Alabama","01","AL","Marengo",1091,2020-04-11,15,180
"449","Alabama","01","AL","Marion",1093,2020-04-11,15,279
"450","Alabama","01","AL","Marshall",1095,2020-04-11,15,1918
"451","Alabama","01","AL","Mobile",1097,2020-04-11,15,7019
"452","Alabama","01","AL","Monroe",1099,2020-04-11,15,244
"453","Alabama","01","AL","Montgomery",1101,2020-04-11,15,4407
"454","Alabama","01","AL","Morgan",1103,2020-04-11,15,1829
"455","Alabama","01","AL","Perry",1105,2020-04-11,15,119
"456","Alabama","01","AL","Pickens",1107,2020-04-11,15,221
"457","Alabama","01","AL","Pike",1109,2020-04-11,15,343
"458","Alabama","01","AL","Randolph",1111,2020-04-11,15,185
"459","Alabama","01","AL","Russell",1113,2020-04-11,15,465
"460","Alabama","01","AL","St. Clair",1115,2020-04-11,15,1398
"461","Alabama","01","AL","Shelby",1117,2020-04-11,15,2019
"462","Alabama","01","AL","Sumter",1119,2020-04-11,15,111
"463","Alabama","01","AL","Talladega",1121,2020-04-11,15,1923
"464","Alabama","01","AL","Tallapoosa",1123,2020-04-11,15,625
"465","Alabama","01","AL","Tuscaloosa",1125,2020-04-11,15,3617
"466","Alabama","01","AL","Walker",1127,2020-04-11,15,918
"467","Alabama","01","AL","Washington",1129,2020-04-11,15,192
"468","Alabama","01","AL","Wilcox",1131,2020-04-11,15,149
"469","Alabama","01","AL","Winston",1133,2020-04-11,15,349
"470","Alabama","01","AL","Autauga",1001,2020-04-04,14,1088
"471","Alabama","01","AL","Baldwin",1003,2020-04-04,14,5696
"472","Alabama","01","AL","Barbour",1005,2020-04-04,14,212
"473","Alabama","01","AL","Bibb",1007,2020-04-04,14,588
"474","Alabama","01","AL","Blount",1009,2020-04-04,14,645
"475","Alabama","01","AL","Bullock",1011,2020-04-04,14,125
"476","Alabama","01","AL","Butler",1013,2020-04-04,14,536
"477","Alabama","01","AL","Calhoun",1015,2020-04-04,14,3111
"478","Alabama","01","AL","Chambers",1017,2020-04-04,14,787
"479","Alabama","01","AL","Cherokee",1019,2020-04-04,14,402
"480","Alabama","01","AL","Chilton",1021,2020-04-04,14,810
"481","Alabama","01","AL","Choctaw",1023,2020-04-04,14,126
"482","Alabama","01","AL","Clarke",1025,2020-04-04,14,340
"483","Alabama","01","AL","Clay",1027,2020-04-04,14,143
"484","Alabama","01","AL","Cleburne",1029,2020-04-04,14,192
"485","Alabama","01","AL","Coffee",1031,2020-04-04,14,821
"486","Alabama","01","AL","Colbert",1033,2020-04-04,14,1451
"487","Alabama","01","AL","Conecuh",1035,2020-04-04,14,209
"488","Alabama","01","AL","Coosa",1037,2020-04-04,14,163
"489","Alabama","01","AL","Covington",1039,2020-04-04,14,492
"490","Alabama","01","AL","Crenshaw",1041,2020-04-04,14,289
"491","Alabama","01","AL","Cullman",1043,2020-04-04,14,1625
"492","Alabama","01","AL","Dale",1045,2020-04-04,14,668
"493","Alabama","01","AL","Dallas",1047,2020-04-04,14,1019
"494","Alabama","01","AL","DeKalb",1049,2020-04-04,14,1242
"495","Alabama","01","AL","Elmore",1051,2020-04-04,14,1614
"496","Alabama","01","AL","Escambia",1053,2020-04-04,14,544
"497","Alabama","01","AL","Etowah",1055,2020-04-04,14,2514
"498","Alabama","01","AL","Fayette",1057,2020-04-04,14,292
"499","Alabama","01","AL","Franklin",1059,2020-04-04,14,565
"500","Alabama","01","AL","Geneva",1061,2020-04-04,14,364
"501","Alabama","01","AL","Greene",1063,2020-04-04,14,193
"502","Alabama","01","AL","Hale",1065,2020-04-04,14,568
"503","Alabama","01","AL","Henry",1067,2020-04-04,14,212
"504","Alabama","01","AL","Houston",1069,2020-04-04,14,1858
"505","Alabama","01","AL","Jackson",1071,2020-04-04,14,920
"506","Alabama","01","AL","Jefferson",1073,2020-04-04,14,15839
"507","Alabama","01","AL","Lamar",1075,2020-04-04,14,158
"508","Alabama","01","AL","Lauderdale",1077,2020-04-04,14,2229
"509","Alabama","01","AL","Lawrence",1079,2020-04-04,14,455
"510","Alabama","01","AL","Lee",1081,2020-04-04,14,3032
"511","Alabama","01","AL","Limestone",1083,2020-04-04,14,1410
"512","Alabama","01","AL","Lowndes",1085,2020-04-04,14,247
"513","Alabama","01","AL","Macon",1087,2020-04-04,14,339
"514","Alabama","01","AL","Madison",1089,2020-04-04,14,8019
"515","Alabama","01","AL","Marengo",1091,2020-04-04,14,224
"516","Alabama","01","AL","Marion",1093,2020-04-04,14,418
"517","Alabama","01","AL","Marshall",1095,2020-04-04,14,2041
"518","Alabama","01","AL","Mobile",1097,2020-04-04,14,9171
"519","Alabama","01","AL","Monroe",1099,2020-04-04,14,277
"520","Alabama","01","AL","Montgomery",1101,2020-04-04,14,5458
"521","Alabama","01","AL","Morgan",1103,2020-04-04,14,2514
"522","Alabama","01","AL","Perry",1105,2020-04-04,14,223
"523","Alabama","01","AL","Pickens",1107,2020-04-04,14,381
"524","Alabama","01","AL","Pike",1109,2020-04-04,14,507
"525","Alabama","01","AL","Randolph",1111,2020-04-04,14,241
"526","Alabama","01","AL","Russell",1113,2020-04-04,14,631
"527","Alabama","01","AL","St. Clair",1115,2020-04-04,14,1707
"528","Alabama","01","AL","Shelby",1117,2020-04-04,14,3034
"529","Alabama","01","AL","Sumter",1119,2020-04-04,14,165
"530","Alabama","01","AL","Talladega",1121,2020-04-04,14,1864
"531","Alabama","01","AL","Tallapoosa",1123,2020-04-04,14,716
"532","Alabama","01","AL","Tuscaloosa",1125,2020-04-04,14,6515
"533","Alabama","01","AL","Walker",1127,2020-04-04,14,1349
"534","Alabama","01","AL","Washington",1129,2020-04-04,14,216
"535","Alabama","01","AL","Wilcox",1131,2020-04-04,14,191
"536","Alabama","01","AL","Winston",1133,2020-04-04,14,389
"537","Alabama","01","AL","Autauga",1001,2020-03-28,13,843
"538","Alabama","01","AL","Baldwin",1003,2020-03-28,13,4683
"539","Alabama","01","AL","Barbour",1005,2020-03-28,13,124
"540","Alabama","01","AL","Bibb",1007,2020-03-28,13,488
"541","Alabama","01","AL","Blount",1009,2020-03-28,13,481
"542","Alabama","01","AL","Bullock",1011,2020-03-28,13,75
"543","Alabama","01","AL","Butler",1013,2020-03-28,13,328
"544","Alabama","01","AL","Calhoun",1015,2020-03-28,13,1918
"545","Alabama","01","AL","Chambers",1017,2020-03-28,13,338
"546","Alabama","01","AL","Cherokee",1019,2020-03-28,13,204
"547","Alabama","01","AL","Chilton",1021,2020-03-28,13,669
"548","Alabama","01","AL","Choctaw",1023,2020-03-28,13,57
"549","Alabama","01","AL","Clarke",1025,2020-03-28,13,170
"550","Alabama","01","AL","Clay",1027,2020-03-28,13,68
"551","Alabama","01","AL","Cleburne",1029,2020-03-28,13,107
"552","Alabama","01","AL","Coffee",1031,2020-03-28,13,493
"553","Alabama","01","AL","Colbert",1033,2020-03-28,13,1143
"554","Alabama","01","AL","Conecuh",1035,2020-03-28,13,117
"555","Alabama","01","AL","Coosa",1037,2020-03-28,13,103
"556","Alabama","01","AL","Covington",1039,2020-03-28,13,316
"557","Alabama","01","AL","Crenshaw",1041,2020-03-28,13,226
"558","Alabama","01","AL","Cullman",1043,2020-03-28,13,1406
"559","Alabama","01","AL","Dale",1045,2020-03-28,13,452
"560","Alabama","01","AL","Dallas",1047,2020-03-28,13,460
"561","Alabama","01","AL","DeKalb",1049,2020-03-28,13,939
"562","Alabama","01","AL","Elmore",1051,2020-03-28,13,1149
"563","Alabama","01","AL","Escambia",1053,2020-03-28,13,287
"564","Alabama","01","AL","Etowah",1055,2020-03-28,13,1913
"565","Alabama","01","AL","Fayette",1057,2020-03-28,13,150
"566","Alabama","01","AL","Franklin",1059,2020-03-28,13,675
"567","Alabama","01","AL","Geneva",1061,2020-03-28,13,183
"568","Alabama","01","AL","Greene",1063,2020-03-28,13,163
"569","Alabama","01","AL","Hale",1065,2020-03-28,13,409
"570","Alabama","01","AL","Henry",1067,2020-03-28,13,108
"571","Alabama","01","AL","Houston",1069,2020-03-28,13,1337
"572","Alabama","01","AL","Jackson",1071,2020-03-28,13,796
"573","Alabama","01","AL","Jefferson",1073,2020-03-28,13,13603
"574","Alabama","01","AL","Lamar",1075,2020-03-28,13,166
"575","Alabama","01","AL","Lauderdale",1077,2020-03-28,13,1797
"576","Alabama","01","AL","Lawrence",1079,2020-03-28,13,422
"577","Alabama","01","AL","Lee",1081,2020-03-28,13,1925
"578","Alabama","01","AL","Limestone",1083,2020-03-28,13,1191
"579","Alabama","01","AL","Lowndes",1085,2020-03-28,13,123
"580","Alabama","01","AL","Macon",1087,2020-03-28,13,221
"581","Alabama","01","AL","Madison",1089,2020-03-28,13,6370
"582","Alabama","01","AL","Marengo",1091,2020-03-28,13,158
"583","Alabama","01","AL","Marion",1093,2020-03-28,13,371
"584","Alabama","01","AL","Marshall",1095,2020-03-28,13,1359
"585","Alabama","01","AL","Mobile",1097,2020-03-28,13,7068
"586","Alabama","01","AL","Monroe",1099,2020-03-28,13,229
"587","Alabama","01","AL","Montgomery",1101,2020-03-28,13,3968
"588","Alabama","01","AL","Morgan",1103,2020-03-28,13,2428
"589","Alabama","01","AL","Perry",1105,2020-03-28,13,151
"590","Alabama","01","AL","Pickens",1107,2020-03-28,13,257
"591","Alabama","01","AL","Pike",1109,2020-03-28,13,328
"592","Alabama","01","AL","Randolph",1111,2020-03-28,13,107
"593","Alabama","01","AL","Russell",1113,2020-03-28,13,347
"594","Alabama","01","AL","St. Clair",1115,2020-03-28,13,1295
"595","Alabama","01","AL","Shelby",1117,2020-03-28,13,2439
"596","Alabama","01","AL","Sumter",1119,2020-03-28,13,131
"597","Alabama","01","AL","Talladega",1121,2020-03-28,13,1209
"598","Alabama","01","AL","Tallapoosa",1123,2020-03-28,13,394
"599","Alabama","01","AL","Tuscaloosa",1125,2020-03-28,13,5458
"600","Alabama","01","AL","Walker",1127,2020-03-28,13,1099
"601","Alabama","01","AL","Washington",1129,2020-03-28,13,100
"602","Alabama","01","AL","Wilcox",1131,2020-03-28,13,82
"603","Alabama","01","AL","Winston",1133,2020-03-28,13,195
"604","Alabama","01","AL","Autauga",1001,2020-03-21,12,99
"605","Alabama","01","AL","Baldwin",1003,2020-03-21,12,503
"606","Alabama","01","AL","Barbour",1005,2020-03-21,12,14
"607","Alabama","01","AL","Bibb",1007,2020-03-21,12,36
"608","Alabama","01","AL","Blount",1009,2020-03-21,12,86
"609","Alabama","01","AL","Bullock",1011,2020-03-21,12,9
"610","Alabama","01","AL","Butler",1013,2020-03-21,12,20
"611","Alabama","01","AL","Calhoun",1015,2020-03-21,12,307
"612","Alabama","01","AL","Chambers",1017,2020-03-21,12,46
"613","Alabama","01","AL","Cherokee",1019,2020-03-21,12,15
"614","Alabama","01","AL","Chilton",1021,2020-03-21,12,80
"615","Alabama","01","AL","Choctaw",1023,2020-03-21,12,11
"616","Alabama","01","AL","Clarke",1025,2020-03-21,12,31
"617","Alabama","01","AL","Clay",1027,2020-03-21,12,10
"618","Alabama","01","AL","Cleburne",1029,2020-03-21,12,10
"619","Alabama","01","AL","Coffee",1031,2020-03-21,12,61
"620","Alabama","01","AL","Colbert",1033,2020-03-21,12,98
"621","Alabama","01","AL","Conecuh",1035,2020-03-21,12,12
"622","Alabama","01","AL","Coosa",1037,2020-03-21,12,16
"623","Alabama","01","AL","Covington",1039,2020-03-21,12,30
"624","Alabama","01","AL","Crenshaw",1041,2020-03-21,12,9
"625","Alabama","01","AL","Cullman",1043,2020-03-21,12,133
"626","Alabama","01","AL","Dale",1045,2020-03-21,12,73
"627","Alabama","01","AL","Dallas",1047,2020-03-21,12,48
"628","Alabama","01","AL","DeKalb",1049,2020-03-21,12,74
"629","Alabama","01","AL","Elmore",1051,2020-03-21,12,146
"630","Alabama","01","AL","Escambia",1053,2020-03-21,12,23
"631","Alabama","01","AL","Etowah",1055,2020-03-21,12,180
"632","Alabama","01","AL","Fayette",1057,2020-03-21,12,13
"633","Alabama","01","AL","Franklin",1059,2020-03-21,12,26
"634","Alabama","01","AL","Geneva",1061,2020-03-21,12,30
"635","Alabama","01","AL","Greene",1063,2020-03-21,12,8
"636","Alabama","01","AL","Hale",1065,2020-03-21,12,32
"637","Alabama","01","AL","Henry",1067,2020-03-21,12,19
"638","Alabama","01","AL","Houston",1069,2020-03-21,12,169
"639","Alabama","01","AL","Jackson",1071,2020-03-21,12,98
"640","Alabama","01","AL","Jefferson",1073,2020-03-21,12,2371
"641","Alabama","01","AL","Lamar",1075,2020-03-21,12,13
"642","Alabama","01","AL","Lauderdale",1077,2020-03-21,12,184
"643","Alabama","01","AL","Lawrence",1079,2020-03-21,12,30
"644","Alabama","01","AL","Lee",1081,2020-03-21,12,384
"645","Alabama","01","AL","Limestone",1083,2020-03-21,12,112
"646","Alabama","01","AL","Lowndes",1085,2020-03-21,12,20
"647","Alabama","01","AL","Macon",1087,2020-03-21,12,55
"648","Alabama","01","AL","Madison",1089,2020-03-21,12,1080
"649","Alabama","01","AL","Marengo",1091,2020-03-21,12,13
"650","Alabama","01","AL","Marion",1093,2020-03-21,12,31
"651","Alabama","01","AL","Marshall",1095,2020-03-21,12,156
"652","Alabama","01","AL","Mobile",1097,2020-03-21,12,1024
"653","Alabama","01","AL","Monroe",1099,2020-03-21,12,24
"654","Alabama","01","AL","Montgomery",1101,2020-03-21,12,523
"655","Alabama","01","AL","Morgan",1103,2020-03-21,12,231
"656","Alabama","01","AL","Perry",1105,2020-03-21,12,9
"657","Alabama","01","AL","Pickens",1107,2020-03-21,12,31
"658","Alabama","01","AL","Pike",1109,2020-03-21,12,35
"659","Alabama","01","AL","Randolph",1111,2020-03-21,12,7
"660","Alabama","01","AL","Russell",1113,2020-03-21,12,35
"661","Alabama","01","AL","St. Clair",1115,2020-03-21,12,195
"662","Alabama","01","AL","Shelby",1117,2020-03-21,12,448
"663","Alabama","01","AL","Sumter",1119,2020-03-21,12,7
"664","Alabama","01","AL","Talladega",1121,2020-03-21,12,143
"665","Alabama","01","AL","Tallapoosa",1123,2020-03-21,12,52
"666","Alabama","01","AL","Tuscaloosa",1125,2020-03-21,12,576
"667","Alabama","01","AL","Walker",1127,2020-03-21,12,158
"668","Alabama","01","AL","Washington",1129,2020-03-21,12,19
"669","Alabama","01","AL","Wilcox",1131,2020-03-21,12,4
"670","Alabama","01","AL","Winston",1133,2020-03-21,12,26
"671","Alabama","01","AL","Autauga",1001,2020-03-14,11,21
"672","Alabama","01","AL","Baldwin",1003,2020-03-14,11,30
"673","Alabama","01","AL","Barbour",1005,2020-03-14,11,3
"674","Alabama","01","AL","Bibb",1007,2020-03-14,11,4
"675","Alabama","01","AL","Blount",1009,2020-03-14,11,12
"676","Alabama","01","AL","Bullock",1011,2020-03-14,11,0
"677","Alabama","01","AL","Butler",1013,2020-03-14,11,4
"678","Alabama","01","AL","Calhoun",1015,2020-03-14,11,52
"679","Alabama","01","AL","Chambers",1017,2020-03-14,11,12
"680","Alabama","01","AL","Cherokee",1019,2020-03-14,11,12
"681","Alabama","01","AL","Chilton",1021,2020-03-14,11,10
"682","Alabama","01","AL","Choctaw",1023,2020-03-14,11,1
"683","Alabama","01","AL","Clarke",1025,2020-03-14,11,7
"684","Alabama","01","AL","Clay",1027,2020-03-14,11,4
"685","Alabama","01","AL","Cleburne",1029,2020-03-14,11,2
"686","Alabama","01","AL","Coffee",1031,2020-03-14,11,12
"687","Alabama","01","AL","Colbert",1033,2020-03-14,11,17
"688","Alabama","01","AL","Conecuh",1035,2020-03-14,11,3
"689","Alabama","01","AL","Coosa",1037,2020-03-14,11,3
"690","Alabama","01","AL","Covington",1039,2020-03-14,11,21
"691","Alabama","01","AL","Crenshaw",1041,2020-03-14,11,3
"692","Alabama","01","AL","Cullman",1043,2020-03-14,11,25
"693","Alabama","01","AL","Dale",1045,2020-03-14,11,15
"694","Alabama","01","AL","Dallas",1047,2020-03-14,11,23
"695","Alabama","01","AL","DeKalb",1049,2020-03-14,11,18
"696","Alabama","01","AL","Elmore",1051,2020-03-14,11,21
"697","Alabama","01","AL","Escambia",1053,2020-03-14,11,15
"698","Alabama","01","AL","Etowah",1055,2020-03-14,11,36
"699","Alabama","01","AL","Fayette",1057,2020-03-14,11,3
"700","Alabama","01","AL","Franklin",1059,2020-03-14,11,9
"701","Alabama","01","AL","Geneva",1061,2020-03-14,11,5
"702","Alabama","01","AL","Greene",1063,2020-03-14,11,2
"703","Alabama","01","AL","Hale",1065,2020-03-14,11,17
"704","Alabama","01","AL","Henry",1067,2020-03-14,11,5
"705","Alabama","01","AL","Houston",1069,2020-03-14,11,37
"706","Alabama","01","AL","Jackson",1071,2020-03-14,11,21
"707","Alabama","01","AL","Jefferson",1073,2020-03-14,11,252
"708","Alabama","01","AL","Lamar",1075,2020-03-14,11,8
"709","Alabama","01","AL","Lauderdale",1077,2020-03-14,11,33
"710","Alabama","01","AL","Lawrence",1079,2020-03-14,11,9
"711","Alabama","01","AL","Lee",1081,2020-03-14,11,46
"712","Alabama","01","AL","Limestone",1083,2020-03-14,11,26
"713","Alabama","01","AL","Lowndes",1085,2020-03-14,11,6
"714","Alabama","01","AL","Macon",1087,2020-03-14,11,5
"715","Alabama","01","AL","Madison",1089,2020-03-14,11,114
"716","Alabama","01","AL","Marengo",1091,2020-03-14,11,3
"717","Alabama","01","AL","Marion",1093,2020-03-14,11,11
"718","Alabama","01","AL","Marshall",1095,2020-03-14,11,25
"719","Alabama","01","AL","Mobile",1097,2020-03-14,11,188
"720","Alabama","01","AL","Monroe",1099,2020-03-14,11,7
"721","Alabama","01","AL","Montgomery",1101,2020-03-14,11,105
"722","Alabama","01","AL","Morgan",1103,2020-03-14,11,35
"723","Alabama","01","AL","Perry",1105,2020-03-14,11,4
"724","Alabama","01","AL","Pickens",1107,2020-03-14,11,28
"725","Alabama","01","AL","Pike",1109,2020-03-14,11,19
"726","Alabama","01","AL","Randolph",1111,2020-03-14,11,6
"727","Alabama","01","AL","Russell",1113,2020-03-14,11,16
"728","Alabama","01","AL","St. Clair",1115,2020-03-14,11,24
"729","Alabama","01","AL","Shelby",1117,2020-03-14,11,38
"730","Alabama","01","AL","Sumter",1119,2020-03-14,11,1
"731","Alabama","01","AL","Talladega",1121,2020-03-14,11,41
"732","Alabama","01","AL","Tallapoosa",1123,2020-03-14,11,18
"733","Alabama","01","AL","Tuscaloosa",1125,2020-03-14,11,54
"734","Alabama","01","AL","Walker",1127,2020-03-14,11,23
"735","Alabama","01","AL","Washington",1129,2020-03-14,11,3
"736","Alabama","01","AL","Wilcox",1131,2020-03-14,11,6
"737","Alabama","01","AL","Winston",1133,2020-03-14,11,5
